P/N,rating,rating_count,comment_count,Brand,Series,price,cpu_brand,cpu_code,RAM,RAM_upgradable,GPU,battery_wh,storage_type,storage_size,storage_upgradable,screen_size,display_resolution,display_rating,screen_technology,weight,length,width,height,OS,surface_material,release_year,hdmi,jack,lan,type_c,usb,sd,keyboard_light
NH.QD9SV.001,5.0,1.0,598.0,Acer,Nitro Gaming AN515-57-74NU/i7-11800H,28499000,Intel,11800H,8,Yes,NVIDIA GeForce RTX 3050Ti 4GB,--,SSD,512,Yes,15.6,1920 x 1080,144,LED-backlit,2.2,363.4,255,23.9,Windows 10,Nhựa,2021,Yes,Yes,Yes,Yes,Yes,No,Yes
852VN,5.0,1.0,340.0,MSI,Modern 14 B11MOU 852VN i5 1155G7/852VN,18799000,Intel,1155G7,8,Yes,Intel Iris Xe Graphics,65 W,SSD,512,Yes,14.0,1920 x 1080,60,IPS LCD,1.3,319,219,16.9,Windows 10,Kim Loại,2021,Yes,Yes,Yes,Yes,Yes,Yes,Yes
P112F001,5.0,1.0,116.0,Dell,Inspiron N3511 i3 1115G4/P112F001ABL,15299000,Intel,1115G4,4,Yes,Intel UHD Graphics,65 W,SSD,256,Yes,15.6,1920 x 1080,60,WVA Anti-glare LED Backlit Narrow Border,1.73,358.5,258,18.9,Windows 10,Nhựa,2021,Yes,Yes,Yes,Yes,Yes,Yes,Yes
V5I3001W,5.0,2.0,788.0,Dell,Vostro V3500 i3 1115G4,15599000,Intel,1115G4,8,Yes,Intel UHD Graphics,45 W,SSD,256,Yes,15.6,1920 x 1080,60,Anti-glare LED-backlit,1.98,368,249,19.9,Windows 10,Nhựa,2021,Yes,Yes,Yes,Yes,Yes,Yes,Yes
82H80040VN,5.0,4.0,378.0,Lenovo,IdeaPad Slim 3 15ITL6 i3 1115G4,14999000,Intel,1115G4,8,Yes,Intel UHD Graphics,--,SSD,512,Yes,15.6,1920 x 1080,60,Anti-glare LED-backlit,1.65,359,237.7,19.9,Windows 10,ABS plastic,2021,Yes,Yes,Yes,Yes,Yes,Yes,Yes
P112F001,5.0,1.0,60.0,Dell,Inspiron N3511 i5 1135G7/P112F001BBL,19999000,Intel,1135G7,4,Yes,Intel Iris Xe Graphics,65 W,SSD,512,Yes,15.6,1920 x 1080,60,WVA Anti-glare LED Backlit Narrow Border,1.73,358.5,258,18.9,Windows 10,Nhựa,2021,Yes,Yes,Yes,Yes,Yes,Yes,Yes
82FG00R0VN,5.0,5.0,1244.0,Lenovo,Ideapad Slim 5 15ITL05 i5 1135G7,18799000,Intel,1135G7,16,Yes,Intel Iris Xe Graphics,45 W,SSD,512,Yes,15.6,1920 x 1080,--,"IPS LCD LED Backlit, True Tone",1.66,356.67,233.13,17.9,Windows 10,Kim loại và nhựa,2021,Yes,Yes,Yes,Yes,Yes,Yes,Yes
481VN,5.0,1.0,871.0,MSI,Gaming GF63 Thin 10SC-481VN i7 10750H,22309000,Intel,10750H,8,Yes,NVIDIA GeForce GTX1650 Max Q 4GB,120 W,SSD,512,Yes,15.6,1920 x 1080,144,IPS LCD,1.86,359,254,21.7,Windows 10,--,2021,Yes,Yes,Yes,Yes,Yes,No,No
P106F003ASL,5.0,1.0,558.0,Dell,Inspiron N5515 R5 5500U/P106F003ASL,18999000,Intel,5500U,8,Yes,AMD Radeon RX Graphics Vega 7,65 W,SSD,256,Yes,15.6,1920 x 1080,60,WVA Anti-glare LED Backlit Narrow Border,1.75,356,228,17.9,Windows 10,Nhôm,2021,Yes,Yes,Yes,Yes,Yes,Yes,Yes
21A2004BVN,3.0,2.0,177.0,Lenovo,ThinkBook 14 G3 ACL R7 5700U/21A2004BVN,19999000,AMD,5700U,8,Yes,AMD Radeon Graphics,45 W,SSD,512,Yes,14.0,1920 x 1080,60,"IPS LCD LED Backlit, True Tone",1.4,323,217.5,17.9,Windows 10,Nhôm,2021,Yes,Yes,Yes,Yes,Yes,Yes,Yes
70253900,5.0,1.0,298.0,Dell,Vostro V3400 i5 1135G7/70253900,18899000,Intel,1135G7,8,Yes,Intel UHD Graphics,45 W,SSD,256,Yes,14.0,1920 x 1080,60,WVA Anti-glare LED Backlit Narrow Border,1.86,359,254,21.7,Windows 10,Nhựa,2020,Yes,Yes,Yes,Yes,Yes,No,Yes
A515EA-L11970T,5.0,1.0,365.0,Asus,Vivobook A515EA-L11970T/i5-1135G7,19999000,Intel,1135G7,8,Yes,Intel Iris Xe Graphics,65 W,SSD,512,Yes,15.6,1920 x 1080,60,OLED,1.8,359,235,--,Windows 10,Nhôm,2021,Yes,Yes,Yes,Yes,Yes,Yes,Yes
NH.QD9SV.002,5.0,4.0,344.0,Acer,Nitro Gaming AN515-57-57MX/i5-11400H,26124000,Intel,11400H,8,Yes,Nvidia Geforce RTX3050Ti 4GB,--,SSD,512,Yes,15.6,1920 x 1080,144,Acer ComfyView LED-backlit,2.2,363.4,255,23.9,Windows 10,Nhựa,2021,Yes,Yes,Yes,Yes,Yes,No,Yes
697VN,5.0,1.0,32.0,MSI,Gaming Katana GF66 11UD 697VN i7 11800H,30069000,Intel,11800H,8,Yes,NVIDIA GeForce  GTX 3050 4GB,--,SSD,512,Yes,15.6,1920 x 1080,144,"IPS LCD LED Backlit, True Tone",2.1,359,--,24.9,Windows 10,Kim Loại,2021,Yes,Yes,Yes,Yes,Yes,No,Yes
NK,5.0,1.0,65.0,Dell,Inspiron N3502 N4020/NK,10999000,Intel,N4020,4,Yes,Intel UHD Graphics 600,45 W,SSD,128,Yes,15.6,1366 x 768,60,--,1.83,363.96,249,19.9,Windows 10,Nhựa,2020,Yes,Yes,Yes,Yes,Yes,Yes,Yes
2020,5.0,1.0,146.0,Dell,Inspiron N3505 R5 3450U,17999000,AMD,3450U,8,Yes,AMD Radeon Graphics,45 W,SSD,256,Yes,15.6,1920 x 1080,60,Wide-Viewing Angle (WVA),1.98,363.96,249,18 ~ 19.90,Windows 10,Nhựa,Trung Quốc,Yes,Yes,Yes,Yes,Yes,Yes,Yes
2021,5.0,1.0,268.0,Dell,Inspiron N3510 Celeron N4020,10999000,Intel,N4020,4,Yes,Intel UHD Graphics 600,65 W,SSD,128,Yes,15.6,1366 x 768,60,LED-backlit,1.65,358.5,235,0.41 ~ 15.6,Windows 10,Nhựa,Trung Quốc,Yes,Yes,Yes,Yes,Yes,Yes,Yes
2021,5.0,1.0,165.0,Dell,Inspiron N3510 Pentium N5030,11699000,Intel,N5030,4,Yes,Intel UHD Graphics 605,65 W,SSD,128,Yes,15.6,1366 x 768,60,Wide-Viewing Angle (WVA),1.65,358.5,235,18.9,Windows 10,Nhựa,Trung Quốc,Yes,Yes,Yes,Yes,Yes,Yes,Yes
286VN,5.0,2.0,214.0,MSI,Gaming GF65 10UE 286VN i5 10500H,28199000,Intel,10500H,16,Yes,NVIDIA GeForce RTX 3060 Max- Q 6GB,180 W,SSD,512,Yes,15.6,1920 x 1080,144,--,1.86,359,254,21.7,Windows 10,--,2021,Yes,Yes,Yes,Yes,Yes,No,No
NH.QENSV.003,5.0,1.0,312.0,Acer,Nitro Gaming AN515-57-54MV/i5-11400H,25174000,Intel,11400H,8,Yes,Nvidia Geforce RTX3050 4GB,--,SSD,512,Yes,15.6,1920 x 1080,144,Acer ComfyView LED-backlit,2.2,363,255,23.9,Windows 11,Nhựa,2021,Yes,Yes,Yes,Yes,Yes,No,Yes
4U6M4PA,5.0,1.0,43.0,HP,Envy 13 ba1535TU i7 1165G7/4U6M4PA,29019000,Intel,1165G7,8,Yes,Intel Iris Xe Graphics,65 W,SSD,512,Yes,13.3,1920 x 1080,60,--,1.23,306,194.5,16.9,Windows 10,Kim Loại,2021,Yes,Yes,Yes,Yes,Yes,Yes,Yes
YX51W3,5.0,1.0,30.0,Dell,Vostro V3400 i5 1135G7/YX51W3,21329000,Intel,1135G7,8,Yes,NVIDIA GeForce MX330 2GB,65 W,,512,Yes,14.0,1920 x 1080,60,Wide-Viewing Angle (WVA),1.55,320.5,232.8,19.9,Windows 10,Nhựa,2021,Yes,Yes,Yes,Yes,Yes,Yes,Yes
V4R53500U003W,5.0,1.0,516.0,Dell,Vostro V3405 R5 3500U,18499000,AMD,3500U,8,Yes,AMD Radeon Graphics,45 W,SSD,512,Yes,14.0,1920 x 1080,60,Anti-glare LED-backlit,1.79,--,--,--,Windows 10,--,2020,Yes,Yes,Yes,Yes,Yes,Yes,No
096VN,5.0,1.0,53.0,MSI,Gaming Katana GF76 11UC 096VN i7 11800H,29399000,Intel,11800H,8,Yes,NVIDIA® GeForce® RTX3050 4GB,150 W,SSD,512,Yes,17.3,1920 x 1080,144,--,2.6,397,275,25,Windows 10,ABS plastic,--,Yes,Yes,Yes,Yes,Yes,No,No
NX.HS5SV.001,4.0,38.0,1768.0,Acer,Aspire 3 A315 56 37DV i3 1005G1/Đen/NX.HS5SV.001,12199000,Intel,1005G1,4,Yes,Intel UHD Graphics,--,SSD,256,Yes,15.6,1920 x 1080,60,LED-backlit,1.7,--,--,--,Windows 10,Nhựa,2020,Yes,Yes,Yes,Yes,Yes,Yes,Yes
82H80044VN,5.0,1.0,293.0,Lenovo,IdeaPad Slim 3 15ITL6 i5 1135G7,17999000,Intel,1135G7,8,Yes,Intel Iris Xe Graphics,--,SSD,512,Yes,15.6,1920 x 1080,60,Anti-glare LED-backlit,1.65,359,237.7,19.9,Windows 10,ABS plastic,2021,Yes,Yes,Yes,Yes,Yes,Yes,Yes
82A30071VN,2.0,3.0,421.0,Lenovo,Yoga Slim 7 14ITL05 i5 1135G7,23499000,Intel,1135G7,16,Yes,Intel Iris Xe Graphics,65 W,SSD,512,Yes,14.0,1920 x 1080,60,"IPS LCD LED Backlit, True Tone",1.36,320.5,208.5,14.9,Windows 10,Nhôm,2021,Yes,Yes,Yes,Yes,Yes,No,Yes
NH.QAYSV.004,4.0,5.0,1442.0,Acer,Aspire Gaming A715-42G-R4ST/R5-5500U,19999000,AMD,5500U,8,Yes,GeForce GTX 1650 4G-GDDR6,130 W,SSD,256,Yes,15.6,1920 x 1080,60,Acer ComfyView Anti-glare LED-backlit,2.1,363.4,254.5,22.9,Windows 10,Vỏ nhựa,2021,Yes,Yes,Yes,Yes,Yes,No,Yes
N3501C,5.0,2.0,511.0,Dell,"Inspiron N3501C i3 1115G4/4GB/256GB/15.6""FHD/Win 10",14999000,Intel,1115G4,4,Yes,Intel UHD Graphics,45 W,SSD,256,Yes,15.6,1920 x 1080,60,WVA Anti-glare LED Backlit Narrow Border,1.96,363.96,249,19.9,Windows 10,Nhựa,2021,Yes,Yes,Yes,Yes,Yes,No,No
46M12PA,5.0,1.0,381.0,HP,Pavilion 15 eg0513TU i3 1125G4,14999000,Intel,1125G4,4,Yes,Intel UHD Graphics,45 W,SSD,256,Yes,15.6,1920 x 1080,60,--,1.68,360,234,17.9,Windows 10,Nhựa,2021,Yes,Yes,Yes,Yes,Yes,Yes,Yes
46M08PA,5.0,1.0,273.0,HP,Pavilion 15 eg0509TU i3 1125G4,15999000,Intel,1125G4,4,Yes,Intel UHD Graphics,45 W,SSD,512,Yes,15.6,1920 x 1080,60,--,1.68,360,234,17.9,Windows 10,Nhựa,2021,Yes,Yes,Yes,Yes,Yes,Yes,Yes
V4R53500U001W,5.0,1.0,624.0,Dell,Vostro V3405 R5 3500U,16499000,AMD,3500U,4,Yes,AMD Radeon Graphics Vega 8,45 W,SSD,256,Yes,14.0,1920 x 1080,60,Anti-glare LED-backlit,1.7,328.7,239.5,19.9,Windows 10,Nhựa,2020,Yes,Yes,Yes,Yes,Yes,Yes,Yes
UX325EA-KG363T,5.0,3.0,725.0,Asus,Zenbook UX325EA-KG363T/i5-1135G7,23299000,Intel,1135G7,8,Yes,Intel Iris Xe Graphics,65 W,SSD,512,Yes,13.3,1920 x 1080,60,OLED,1.1,304.1,203.19,13.9,Windows 10,Nhôm,2021,Yes,Yes,Yes,Yes,Yes,Yes,Yes
70253899,5.0,1.0,175.0,Dell,Vostro V3400 i3 1115G4/70253899,15899000,Intel,1115G4,8,Yes,Intel UHD Graphics,45 W,SSD,256,Yes,14.0,1920 x 1080,60,WVA Anti-glare LED Backlit Narrow Border,1.64,339,242,19.9,Windows 10,Nhựa,2020,Yes,Yes,Yes,Yes,Yes,No,Yes
P90F005,5.0,1.0,315.0,Dell,Inspiron N3501B i5 1135G7,18999000,Intel,1135G7,4,Yes,Intel Iris Xe Graphics,45 W,SSD,512,Yes,15.6,1920 x 1080,60,LED Backlit,1.96,363.96,249,19.9,Windows 10,Nhựa,2021,Yes,Yes,Yes,Yes,Yes,No,No
4R0U8PA,5.0,1.0,670.0,HP,Gaming VICTUS 16 e0175AX R5 5600H/4R0U8PA,23769000,AMD,5600H,8,Yes,NVIDIA GeForce RTX 3050 4GB,200 W,SSD,512,Yes,16.1,1920 x 1080,144,Anti-glare Micro-edge WLED-backlit,2.46,369,262,23.5,Windows 10,--,2021,Yes,Yes,Yes,Yes,Yes,Yes,Yes
NH.QD8SV.001,5.0,2.0,1077.0,Acer,Nitro Gaming AN515-57-74RD/i7-11800H,26599000,Intel,11800H,8,Yes,Geforce RTX 3050 4GB,--,SSD,512,Yes,15.6,1920 x 1080,144,LED-backlit,2.2,363.4,255,23.9,Windows 10,Nhựa,2021,Yes,Yes,Yes,Yes,Yes,No,Yes
NH.QC2SV.002,5.0,1.0,68.0,Acer,Predator Helios Gaming PH315-54-75YD/i7-11800H,37999000,Intel,11800H,16,Yes,Nvidia Geforce RTX3060 6GB,59 W,SSD,512,Yes,15.6,2560 x 1440,165,LED-backlit,2.3,363,255,22.9,Windows 10,Kim Loại,2021,Yes,Yes,Yes,Yes,Yes,No,Yes
0WT8R1,5.0,1.0,160.0,Dell,Inspiron N5510 i5 11300H/0WT8R1,22329000,Intel,11300H,8,Yes,Intel Iris Plus Graphics,65 W,SSD,256,Yes,15.6,1920 x 1080,60,--,1.65,356,228,18,Windows 10,Kim loại và nhựa,2021,Yes,Yes,Yes,Yes,Yes,Yes,Yes
82K100FBVN,5.0,1.0,57.0,Lenovo,Gaming 3 15IHU6 i7 11370H/82K100FBVN,26999000,Intel,1130G7,8,Yes,NVIDIA GeForce RTX 3050 4GB,45 W,SSD,512,Yes,15.6,1920 x 1080,120,IPS LCD,2.25,359,252,24.4,Windows 10,ABS plastic,2021,Yes,Yes,Yes,Yes,Yes,No,Yes
089VN,5.0,1.0,77.0,MSI,Prestige 14EVO A11M-089VN i7-1185G7,29099000,Intel,1185G7,16,Yes,Intel Iris Xe Graphics,90 W,SSD,512,Yes,14.0,1920 x 1080,60,--,1.29,319,219,15.9,Windows 10,Kim Loại,2020,Yes,Yes,Yes,Yes,Yes,Yes,Yes
641VN,5.0,1.0,50.0,MSI,Gaming Katana GF66 11UC 641VN i7 11800H,29099000,Intel,11800H,8,Yes,NVIDIA GeForce RTX 3050 4GB,--,SSD,512,Yes,15.6,1920 x 1080,144,"IPS LCD LED Backlit, True Tone",2.1,359,--,24.9,Windows 10,Kim Loại,2021,Yes,Yes,Yes,Yes,Yes,No,Yes
036VN,5.0,1.0,27.0,MSI,Gaming Alpha 15 B5EEK 036VN R7 5800H/036VN,35899000,AMD,5800H,16,Yes,AMD Radeon RX 6600M 8GB,180 W,SSD,512,Yes,15.6,1920 x 1080,144,"IPS LCD LED Backlit, True Tone",2.35,359,259,23.9,Windows 10,Kim Loại,2021,Yes,Yes,Yes,Yes,Yes,No,Yes
255VN,5.0,1.0,79.0,MSI,Gaming Pulse GL66 11UDK 255VN i7 11800H,32999000,Intel,11800H,16,Yes,NVIDIA® GeForce® RTX 3050 Ti 4GB,180 W,SSD,512,Yes,15.6,1920 x 1080,144,--,2.25,359,258,23.9,Windows 10,Kim Loại,2021,Yes,Yes,Yes,Yes,Yes,No,No
Y1N1T5,5.0,1.0,94.0,Dell,Inspiron N3505 R5 3500U/Y1N1T5,19699000,AMD,3500U,8,Yes,AMD Radeon Graphics,48 W,SSD,512,Yes,15.6,1920 x 1080,60,Truelife LED-Backlit,1.83,360,249,19.9,Windows 10,ABS plastic,2021,Yes,Yes,Yes,Yes,Yes,Yes,Yes
232VN,5.0,1.0,8.0,MSI,Gaming Stealth 15M A11UEK 232VN i7 11375H,40699000,Intel,11370H,16,Yes,NVIDIA GeForce RTX 3060 Max-Q 6GB,150 W,SSD,512,Yes,15.6,1920 x 1080,144,IPS LCD,1.7,358,248,16.1,Windows 10,Kim Loại,2021,Yes,Yes,Yes,Yes,Yes,Yes,Yes
90NB0SM1-M09310,5.0,1.0,263.0,Asus,Zenbook UX425EA-KI439T/i7-1165G7,29899000,Intel,1165G7,16,Yes,Intel Iris Xe graphics,65 W,SSD,512,Yes,14.0,1920 x 1080,60,Anti-glare LED-backlit,1.17,319,208,13.9,Windows 10,Kim Loại,2021,Yes,Yes,Yes,Yes,Yes,Yes,Yes
90NR05X1-M00480,5.0,1.0,8.0,Asus,TUF Gaming FX516PM-HN002T/i7-11370H,31999000,Intel,11370H,8,Yes,Nvidia Geforce  RTX3060 6GB,200 W,SSD,512,Yes,15.6,1920 x 1080,144,Anti-glare LED-backlit,2,360,252,19.89 ~ 19.90,Windows 10,Kim Loại,2021,Yes,Yes,Yes,Yes,Yes,No,Yes
90NB0TP2-M03440,5.0,2.0,688.0,Asus,Vivobook M513UA-L1230T/R5-5500U,18999000,AMD,5500U,8,Yes,AMD Radeon Graphics,42 W,SSD,512,Yes,15.6,1920 x 1080,60,OLED,1.8,360,235,--,Windows 10,Nhôm,2021,Yes,Yes,Yes,Yes,Yes,Yes,Yes
220VN,5.0,1.0,18.0,MSI,Summit E13 Flip Evo A11MT i7 1185G7,37999000,Intel,1185G7,16,Yes,Intel Iris Xe Graphics,65 W,SSD,1024,Yes,13.4,1920 x 1200,60,LED Backlit,1.35,300.2,222.25,14.9,Windows 10,Kim Loại,2021,Yes,Yes,Yes,Yes,Yes,Yes,Yes
037VN,5.0,1.0,17.0,MSI,Prestie 15 A11SC 037VN i7 1185G7,33999000,Intel,1185G7,16,Yes,NVIDIA GeForce GTX 1650 Max-Q 4GB,90 W,SSD,512,Yes,15.6,1920 x 1080,60,IPS LCD,1.693,356.8,233.7,16.9,Windows 10,Kim Loại,2021,Yes,Yes,Yes,Yes,Yes,Yes,Yes
GV301QC-K6052T,5.0,1.0,54.0,Asus,FLow Gaming GV301QC-K6052T/R9-5900HX,37999000,AMD,5900HX,16,Yes,Nvidia GeForce RTX3050 4GB,--,SSD,512,Yes,13.4,1920 x 1200,120,--,1.3,290,228,15.9,Windows 10,Hợp kim Magie và nhôm,2021,Yes,Yes,Yes,Yes,Yes,No,Yes
90NR07H3-M00090,5.0,1.0,223.0,Asus,Gaming Zephyrus GA401IHR-HZ009T/R7-4800HS,25999000,AMD,4800HS,8,Yes,GeForce GTX 1650 4GB,150 W,SSD,512,Yes,14.0,1920 x 1080,144,Anti-glare LED-backlit,1.6,324,222,17.9,Windows 10,Kim Loại,2021,Yes,Yes,Yes,Yes,Yes,No,Yes
90NB0RZ1-M13430,5.0,1.0,19.0,Asus,Zenbook Flip UX363EA-HP548T/i7-1165G7,32999000,Intel,1165G7,16,Yes,Intel Iris Xe Graphics,65 W,SSD,512,Yes,13.3,1920 x 1080,60,OLED,1.3,305.2,211.5,13.9,Windows 10,Nhôm,2021,Yes,Yes,Yes,Yes,Yes,No,Yes
518V7PA,5.0,1.0,121.0,HP,240 G8 i5 1135G7/518V7PA,18499000,Intel,1135G7,8,Yes,Intel Iris Xe Graphics,45 W,SSD,512,Yes,14.0,1920 x 1080,60,--,1.42,324,225,19.9,Windows 10,Nhựa,2021,Yes,Yes,Yes,Yes,Yes,No,Yes
90NR0606-M03570,5.0,1.0,60.0,Asus,Gaming TUF FA506QM-HN016T/R7-5800H,31999000,AMD,5800H,16,Yes,Nvidia Geforce  RTX3060 6GB,90 W,SSD,512,Yes,15.6,1920 x 1080,144,Anti-glare LED-backlit,2.39,359,256,24.4,Windows 10,Kim Loại,2021,Yes,Yes,Yes,Yes,Yes,No,Yes
NH.QBCSV.001,5.0,1.0,403.0,Acer,Nitro Gaming AN515-45-R0B6/R7-5800H,31349000,AMD,5800H,8,Yes,GeForce RTX™ 3060 6GB DDR6,--,SSD,512,Yes,15.6,1920 x 1080,144,"IPS LCD LED Backlit, True Tone",2.2,363.4,255,23.9,Windows 10,Nhựa,2021,Yes,Yes,Yes,Yes,Yes,No,Yes
068VN,5.0,1.0,41.0,MSI,Summit E16 Flip A11UCT i7 1195G7,44999000,Intel,1195G7,16,Yes,NVIDIA® GeForce® RTX3050 4GB,100,SSD,1024,Yes,16.0,2560 x 1600,120,LED Backlit,1.9,358.6,257.8,16.85,Windows 10,Kim Loại,2021,Yes,Yes,Yes,Yes,Yes,Yes,Yes
NH.QDQSV.001,,,,Acer,Triton Gaming PT315-53-75LQ/i7-11800H,40590000,Intel,11800H,16,Yes,Nvidia Geforce RTX3060 6GB,--,SSD,512,Yes,15.6,2560 x 1440,165,Acer ComfyView LED-backlit,2.0,350.72,255,19.9,Windows 10,Nhôm,2021,Yes,Yes,Yes,Yes,Yes,No,Yes
46M00PA,5.0,1.0,323.0,HP,Pavilion 15 eg0504TU i7 1165G7,22309000,Intel,1165G7,8,Yes,Intel Iris Xe Graphics,45 W,SSD,512,Yes,15.6,1920 x 1080,60,Anti-glare WLED-backlit,1.68,360,234,17.9,Windows 10,Nhựa,2021,Yes,Yes,Yes,Yes,Yes,Yes,Yes
X515EA-BQ1004T,5.0,2.0,383.0,Asus,Vivobook X515EA-BQ1004T/i3-1115G4,14199000,Intel,1115G4,4,Yes,Intel UHD Graphics,37 W,SSD,512,Yes,15.6,1920 x 1080,60,Anti-glare LED-backlit,1.8,360,235,19.9,Windows 10,Nhựa,2021,Yes,Yes,Yes,Yes,Yes,No,Yes
FX516PE-HN005T,5.0,3.0,259.0,Asus,Gaming TUF FX516PE-HN005T/i7-11370H,27999000,Intel,11370H,8,Yes,Nvidia GeForce RTX3050Ti_4GB,180 W,SSD,512,Yes,15.6,1920 x 1080,144,Anti-glare LED-backlit,2.072,360,252,19.9,Windows 10,Kim Loại,2021,Yes,Yes,Yes,Yes,Yes,No,Yes
MK1A3SA/A,5.0,1.0,6.0,Apple,"Macbook Pro 16"" 2021 M1 Max 1TB",92990000,Apple,M1 Max,32,Yes,Apple M1 Max,--,SSD,1024,Yes,16.2,3456 x 2234,--,--,2.129,--,--,--,Mac OS,Nhôm,2021,Yes,Yes,Yes,Yes,Yes,No,Yes
MK183SA/A,5.0,1.0,15.0,Apple,"Macbook Pro 16"" 2021 M1 Pro 512GB",65990000,Apple,M1 Pro,16,Yes,Apple M1 Pro,--,SSD,512,Yes,16.2,3456 x 2234,--,--,2.129,--,--,--,Mac OS,Nhôm,2021,Yes,Yes,Yes,Yes,Yes,No,Yes
MKGP3SA/A,5.0,1.0,38.0,Apple,"Macbook Pro 14"" 2021 M1 Pro 512GB",52990000,Apple,M1 Pro,16,Yes,Apple M1 Pro,--,SSD,512,Yes,14.2,3024 x 1964,--,--,1.604,--,--,--,Mac OS,Nhôm,2021,Yes,Yes,Yes,Yes,Yes,No,Yes
3G1H5PA,5.0,1.0,0.0,HP,EliteBook x360 1040 G8 i7 1165G7/3G1H5PA,48499000,Intel,1165G7,16,Yes,Iris Xe Graphics,65 W,SSD,1024,Yes,14.0,1920 x 1080,--,FHD Touch,1.39,320,203.19,16.4,Windows 10 Pro 64,--,2020,Yes,Yes,Yes,Yes,Yes,No,Yes
MWP42SA/A,3.0,34.0,94.0,Apple,"Macbook Pro 13"" 2020 Touch Bar 2.0GHz Core i5",46999000,Intel,,16,Yes,Intel Iris Plus Graphics,--,SSD,512,Yes,13.3,2560 x 1600,--,"IPS LCD LED Backlit, True Tone",1.4,304.1,212.4,15.6,Mac OS,Nhôm,2020,Yes,Yes,Yes,Yes,Yes,No,Yes
,,,,MSI,Stealth Gaming GS66 10SE-407VN/i7-10750H,46990000,Intel,10750H,16,No,GeForce RTX 2060 6GB	,,SSD,512,No,15.6,,,,2.1,,,,,,,,,,,,,No
20UN007HVN,5.0,1.0,4.0,Lenovo,Thinpad X1 Nano i5 1130G7,46499000,Intel,1130G7,16,Yes,Intel Iris Xe Graphics,48 W,SSD,512,Yes,13.0,--,60,Anti-glare LED-backlit,0.92,290,167,25,Windows 10,--,2021,Yes,Yes,Yes,Yes,Yes,No,Yes
NH.QDSSV.001,5.0,1.0,13.0,Acer,Triton Gaming PT315-53-71DJ/i7-11800H,45999000,Intel,11800H,16,Yes,Nvidia Geforce RTX3070 8GB,--,SSD,512,Yes,15.6,2560 x 1440,165,Acer ComfyView LED-backlit,2.0,350.72,255,19.9,Windows 10,Nhôm,2021,Yes,Yes,Yes,Yes,Yes,No,Yes
20XW0077VN,5.0,1.0,1.0,Lenovo,ThinkPad X1 Carbon 9 i5 1135G7/20XW0077VN,45499000,Intel,1135G7,16,Yes,Intel Iris Graphics,--,SSD,512,Yes,14.0,1920 x 1200,60,WVA Anti-glare LED Backlit Narrow Border,1.13,319,216,14.9,Windows 10,--,2021,Yes,Yes,Yes,Yes,Yes,No,Yes
20U9007YVN,5.0,1.0,54.0,Lenovo,ThinkPad X1 Carbon 8 i5 10210U,42799000,Intel,10210U,16,Yes,Card Onboard,--,,512,Yes,14.0,2560 x 1440,60,WVA Anti-glare LED Backlit Narrow Border,1.1,323,216,14.9,Windows 10,--,2020,Yes,Yes,Yes,Yes,Yes,No,Yes
4Y0Z7PA,5.0,1.0,6.0,HP,Gaming OMEN 16 b0141TX i5 11400H,42699000,Intel,11400H,16,Yes,NVIDIA GeForce RTX 3060 6GB,200 W,SSD,1024,Yes,16.1,1920 x 1080,144,IPS LCD,2.3,369,262,23.5,Windows 10,--,2021,Yes,Yes,Yes,Yes,Yes,Yes,Yes
90NB0RZ2-M12520,5.0,1.0,1.0,Asus,Zenbook UX371EA-HL494TS/i7-1165G7,40699000,Intel,1165G7,16,Yes,Intel Iris Xe Graphics,65 W,SSD,1024,Yes,13.3,3840 x 2160,60,Anti-glare LED-backlit,1.2,305.2,212,13.9,Windows 10,Kim Loại,2021,Yes,Yes,Yes,Yes,Yes,No,Yes
Z11B,4.0,3.0,321.0,Apple,"Macbook Pro 13"" 2020 Touch Bar M1 16GB/256GB",39999000,Apple,M1,16,Yes,Apple M1,--,SSD,256,Yes,13.3,2560 x 1600,--,"IPS LCD LED Backlit, True Tone",1.4,304.1,212.4,15.6,Mac OS,Nhôm,2020,Yes,Yes,Yes,Yes,Yes,No,Yes
2019,5.0,1.0,34.0,Microsoft,Surface Pro 7 Core i7-1065G7,39999000,Intel,1065G7,16,Yes,Intel Iris Plus Graphics,65 W,SSD,256,Yes,12.3,2736 x 1824,60,--,0.775,201,8.5,292,Windows 10,Hợp kim Magie,Trung Quốc,Yes,Yes,Yes,Yes,Yes,Yes,Yes
90NB0S41-M05040,5.0,1.0,6.0,Asus,Zenbook Duo UX482EA-KA268T/i7-1165G7,38799000,Intel,1165G7,16,Yes,Intel Iris Xe Graphics,65 W,SSD,1024,Yes,14.0,1920 x 1080,60,Anti-glare LED-backlit,1.62,324,222,--,Windows 10,Kim Loại,2021,Yes,Yes,Yes,Yes,Yes,Yes,Yes
4Y0Z8PA,5.0,1.0,8.0,HP,Gaming OMEN 16 b0142TX i5 11400H,38799000,Intel,11400H,16,Yes,NVIDIA GeForce RTX 3050 Ti 4GB,200 W,SSD,1024,Yes,16.1,1920 x 1080,144,IPS LCD,2.3,369,262,23.5,Windows 10,--,2021,Yes,Yes,Yes,Yes,Yes,Yes,Yes
P89F003G5500B,5.0,1.0,30.0,Dell,Gaming G5 15 Core i7 10750H,37999000,Intel,10750H,16,Yes,NVIDIA GeForce RTX 2070 8GB,240 W,SSD,1024,Yes,15.6,1920 x 1080,300,WVA Anti-glare LED Backlit Narrow Border,2.65,364.46,254,31.13,Windows 10,Nhựa,2021,Yes,Yes,Yes,Yes,Yes,Yes,Yes
70252800,5.0,1.0,2.0,Dell,Gaming G5 5500 i7 10750H,37999000,Intel,10750H,16,Yes,NVIDIA GeForce RTX 2070 8GB GDDR6,240 W,SSD,512,Yes,15.6,1920 x 1080,120,WVA Anti-glare LED Backlit Narrow Border,2.4,364.46,364.46,254,Windows 10,ABS plastic,2021,Yes,Yes,Yes,Yes,Yes,Yes,Yes
P100F001,5.0,1.0,19.0,Dell,Gaming G7 15 7500 i7 10750H,36999000,Intel,10750H,8,Yes,NVIDIA® GeForce® GTX 1660Ti 6GB,240 W,SSD,512,Yes,15.6,1920 x 1080,144,WVA Anti-glare LED Backlit Narrow Border,2.56,357.2,267.7,18.3,Windows 10,Kim Loại,2021,Yes,Yes,Yes,Yes,Yes,Yes,Yes
90NX0SX1-M10080,5.0,1.0,2.0,Asus,ExpertBook B9400CEA-KC0790T/i7-1165G7,36299000,Intel,1165G7,16,Yes,Intel Iris Xe Graphics,65 W,SSD,1024,Yes,14.0,1920 x 1080,60,Anti-glare LED-backlit,0.995,320,203,14.9,Windows 10,Kim Loại,2021,Yes,Yes,Yes,Yes,Yes,No,Yes
NH.QBRSV.001,5.0,1.0,10.0,Acer,Nitro Gaming AN515-45-R9SC/R7-5800H,35999000,AMD,5800H,8,Yes,Nvidia Geforce RTX3070 8GB,--,SSD,512,Yes,15.6,1920 x 1080,144,Acer ComfyView LED-backlit,2.2,363.4,255,23.9,Windows 10,Nhựa,2021,Yes,Yes,Yes,Yes,Yes,No,Yes
MGN73SA/A,5.0,1.0,65.0,Apple,"Macbook Air 13"" 2020 M1 512GB",34999000,Apple,M1,8,Yes,Apple M1,--,SSD,512,Yes,13.3,2560 x 1600,--,"IPS LCD LED Backlit, True Tone",1.29,304.1,212.4,4.1 ~ 16.1,Mac OS,Nhôm,2020,Yes,Yes,Yes,Yes,Yes,No,Yes
061VN,5.0,1.0,19.0,MSI,Gaming Stealth15M A11SDK 061VN i7 1185G7,34490000,Intel,1185G7,16,Yes,GeForce GTX 1660Ti Max- Q 6GB,150 W,SSD,512,Yes,15.6,1920 x 1080,144,"IPS LCD LED Backlit, True Tone",1.693,358,248,15.9,Windows 10,Kim Loại,2021,Yes,Yes,Yes,Yes,Yes,Yes,No
MYDA2SA/A,5.0,7.0,680.0,Apple,"Macbook Pro 13"" 2020 Touch Bar M1 256GB",33999000,Apple,M1,8,Yes,Apple M1,--,SSD,256,Yes,13.3,2560 x 1600,--,"IPS LCD LED Backlit, True Tone",1.4,304.1,212.4,15.6,Mac OS,Nhôm,2020,Yes,Yes,Yes,Yes,Yes,No,Yes
1A2F1AV,,,,HP,ZBook Firefly 14 G8 i5 1135G7/1A2F1AV,33899000,Intel,1135G7,16,No,Intel Iris Xe Graphics,,,512,No,14.0,,,,1.35,,,,,,,,,,,,,No
242VN,4.0,53.0,44.0,MSI,Leopard GL65 10SDK-242VN/Core i7-10750H,33490000,Intel,10750H,16,Yes,GeForce GTX 1660 Ti 6GB,--,SSD,512,Yes,15.6,1920 x 1080,144,LED-backlit,2.3,357,248,27.5,Windows 10,Nhôm,2020,Yes,Yes,Yes,Yes,Yes,Yes,Yes
90NB0S41-M05030,5.0,1.0,2.0,Asus,Zenbook Duo UX482EA-KA274T/i5-1135G7,31999000,Intel,1135G7,8,Yes,Intel Iris Xe Graphics,65 W,SSD,512,Yes,14.0,1920 x 1080,60,Anti-glare LED-backlit,1.62,324,222,--,Windows 10,Kim Loại,2021,Yes,Yes,Yes,Yes,Yes,Yes,Yes
90NB0S41-M02460,5.0,1.0,46.0,Asus,Zenbook Duo UX482EA-KA081T i5 1135G7,31499000,Intel,1135G7,8,Yes,Intel Iris Xe Graphics,65 W,SSD,512,Yes,14.0,1920 x 1080,60,Anti-glare LED-backlit,1.62,324,222,16.9,Windows 10,Kim Loại,2021,Yes,Yes,Yes,Yes,Yes,Yes,Yes
NH.QDGSV.003,5.0,1.0,61.0,Acer,Nitro Gaming AN515-57-5831/i5-11400H,31349000,Intel,11400H,8,Yes,NVIDIA GeForce RTX 3060 6GB,--,SSD,512,Yes,15.6,1920 x 1080,144,Acer ComfyView LED-backlit,2.2,363.4,255,23.9,Windows 10,Nhựa,2021,Yes,Yes,Yes,Yes,Yes,No,Yes
P89F002BWH,5.0,1.0,64.0,Dell,Gaming G3 15 i7 10750H,31059000,Intel,10750H,16,Yes,NVIDIA® GeForce® GTX 1660Ti 6GB,240 W,SSD,512,Yes,15.6,1920 x 1080,120,WVA Anti-glare LED Backlit Narrow Border,2.58,364.46,254,32,Windows 10,Nhựa,2021,Yes,Yes,Yes,Yes,Yes,Yes,Yes
P89F002G3500B,3.0,2.0,205.0,Dell,Gaming G3 15 3500B i7 10750H/P89F002G3500B,31059000,Intel,10750H,16,Yes,Nvidia GTX1660Ti 6GB,240 W,SSD,512,Yes,15.6,1920 x 1080,120,WVA Anti-glare LED Backlit Narrow Border,2.58,364.46,254,21.60 ~ 30.96,Windows 10,Nhựa,2020,Yes,Yes,Yes,Yes,Yes,Yes,Yes
2019,5.0,1.0,78.0,Microsoft,Surface Pro 7/Core i5-1035G4,30499000,Intel,1035G4,8,Yes,Intel Iris Plus Graphics,65 W,SSD,256,Yes,12.3,2736 x 1824,60,--,0.775,201,8.5,292,Windows 10,Hợp kim Magie,Trung Quốc,Yes,Yes,Yes,Yes,Yes,Yes,Yes
70258049,5.0,1.0,58.0,Dell,Gaming G15 5515 R7 5800H/70258049,30099000,AMD,5800H,8,Yes,NVIDIA GeForce GTX 3050 4GB,180 W,SSD,512,Yes,15.6,1920 x 1080,120,WVA Anti-glare LED Backlit Narrow Border,2.81,357,272,26.9,Windows 10,--,2021,Yes,Yes,Yes,Yes,Yes,No,Yes
2K0B6PA,5.0,1.0,127.0,HP,Envy 13 ba1030TU i7 1165G7/2K0B6PA,29779000,Intel,1165G7,8,Yes,Card Onboard,65 W,SSD,512,Yes,13.3,1920 x 1080,60,BrightView Micro-edge WLED-backlit,1.25,307,194.5,16.9,Windows 10,Nhôm,2020,Yes,Yes,Yes,Yes,Yes,Yes,Yes
G5 MD-51S1123SH,5.0,1.0,46.0,Gigabyte,Gaming G5 MD i5 11400H/51S1123SH,28499000,Intel,11400H,16,Yes,NVIDIA GeForce RTX3050 Ti 4GB,150 W,SSD,512,Yes,15.6,1920 x 1080,144,Anti-glare LED-backlit,2.2,361,258,24.9,Windows 10,Nhựa,2021,Yes,Yes,Yes,Yes,Yes,Yes,Yes
NX.AU3SV.001,5.0,1.0,60.0,Acer,Swift X SFX14-41G-R61A/R5-5600U,28499000,AMD,5600U,16,Yes,Nvidia Geforce RTX3050Ti 4GB,--,,1024,Yes,14.0,1920 x 1080,60,Acer ComfyView LED-backlit,1.39,322.8,212.2,17.9,Windows 10,Nhôm,2021,Yes,Yes,Yes,Yes,Yes,No,Yes
FX706HC-HX009T,5.0,1.0,28.0,Asus,TUF Gaming FX706HC-HX009T/i7-11800H,27999000,Intel,11800H,8,Yes,Nvidia Geforce RTX3050 4GB,48 W,SSD,512,Yes,17.3,1920 x 1080,144,Anti-glare LED-backlit,2.6,399,269,21.37 ~ 26.13,Windows 10,Kim Loại,2021,Yes,Yes,Yes,Yes,Yes,No,Yes
31J36PA,5.0,1.0,12.0,HP,Pavillion Gaming 15 dk1159TX/i7 10750H,27990000,Intel,10750H,8,Yes,NVIDIA® GeForce® GTX1659 4GB,150 W,SSD,512,Yes,15.6,1920 x 1080,60,LED-backlit,2.23,360,256,23.4,Windows 10,Nhựa,2021,Yes,Yes,Yes,Yes,Yes,Yes,Yes
90NR05U1-M00940,5.0,1.0,58.0,Asus,Gaming TUF FX516PC-HN001T/i7-11370H,27790000,Intel,11370H,8,Yes,Nvidia Geforce RTX3050 4GB,200 W,SSD,512,Yes,15.6,1920 x 1080,144,Anti-glare LED-backlit,2,360,252,19.9,Windows 10,Kim Loại,2021,Yes,Yes,Yes,Yes,Yes,No,Yes
1K3U8PA,5.0,1.0,56.0,HP,Pavilion Gaming 15 dk1074TX i7 10750H/1K3U8PA,27490000,Intel,10750H,8,Yes,GeForce GTX 1650 4GB,--,SSD,512,Yes,15.6,1920 x 1080,60,IPS LCD,2.23 Kg,360.02,256,23.4,Windows 10 Home SL 64,Nhựa,2020,Yes,Yes,Yes,Yes,Yes,Yes,Yes
171N3PA,5.0,1.0,99.0,HP,Envy x360 13 ay0069AU R7 4700U/171N3PA,27199000,AMD,4700U,8,Yes,AMD Radeon Graphics,65 W,SSD,256,Yes,13.3,1920 x 1080,60,FHD Touch,1.32kg,306.5,194.6,16.4,Windows 10 Home,Nhôm,2020,Yes,Yes,Yes,Yes,Yes,Yes,Yes
82A30075VN,5.0,2.0,317.0,Lenovo,Yoga Slim 7 14ITL05 i7 1165G7,27199000,Intel,1165G7,16,Yes,Intel Iris Xe Graphics,65 W,SSD,512,Yes,14.0,1920 x 1080,60,"IPS LCD LED Backlit, True Tone",1.36,320.5,208.5,14.9,Windows 10,Nhôm,2021,Yes,Yes,Yes,Yes,Yes,No,Yes
82B500RRVN,5.0,1.0,329.0,Lenovo,Gaming Legion 5 R7 4800H,26999000,AMD,4800H,16,Yes,NVIDIA® GeForce® GTX1650Ti 4GB,170 W,,512,Yes,15.6,1920 x 1080,144,"IPS LCD LED Backlit, True Tone",2.3,363,256.9,22,Windows 10,ABS plastic,2020,Yes,Yes,Yes,Yes,Yes,No,Yes
82L3005FVN,5.0,1.0,104.0,Lenovo,Ideapad 5 Pro 14ITL6 i7 1165G7/82L3005FVN,26699000,Intel,1165G7,16,Yes,NVIDIA Geforce MX450 2GB,--,SSD,512,Yes,14.0,--,60,"IPS LCD LED Backlit, True Tone",1.41,308,221.7,15.9,Windows 10,Nhôm,2021,Yes,Yes,Yes,Yes,Yes,No,Yes
2019,5.0,1.0,127.0,Microsoft,Surface Pro 7/Core i5-1035G4,25999000,Intel,1035G4,8,Yes,Intel Iris Plus Graphics,65 W,SSD,128,Yes,12.3,2736 x 1824,60,--,0.775,201,8.5,292,Windows 10,Hợp kim Magie,Trung Quốc,Yes,Yes,Yes,Yes,Yes,Yes,Yes
82N7002LVN,5.0,1.0,1.0,Lenovo,Yoga 7 14ACN6 R7 5800U/82N7002LVN,25299000,AMD,5800U,8,Yes,AMD Radeon Graphics,65 W,SSD,512,Yes,14.0,1920 x 1080,--,IPS LCD,1.45,320.34,214.6,15.69,Windows 10,Nhôm,2021,Yes,Yes,Yes,Yes,Yes,No,Yes
V4I7015W,5.0,1.0,216.0,Dell,Vostro V3400 i7 1165G7,25219000,Intel,1165G7,8,Yes,NVIDIA® GeForce® MX330 2GB,45 W,SSD,512,Yes,14.0,1920 x 1080,60,Anti-glare LED-backlit,1.81,361.4,249,199,Windows 10,--,2021,Yes,Yes,Yes,Yes,Yes,Yes,Yes
2Z6J6PA,5.0,1.0,53.0,HP,Probook 440 G8 i7 1165G7,25190000,Intel,1165G7,16,Yes,Intel Iris Xe Graphics,65 W,SSD,512,Yes,14.0,1920 x 1200,--,--,1.4,324,212.4,19.9,Windows 10,ABS plastic,2021,Yes,Yes,Yes,Yes,Yes,Yes,Yes
NH.QD8SV.002,4.0,8.0,1795.0,Acer,Nitro Gaming AN515-57-51G6/i5-11400H,24699000,Intel,11400H,8,Yes,NVIDIA GeForce RTX3050 4GB,--,SSD,512,Yes,15.6,1920 x 1080,144,Acer ComfyView LED-backlit,2.2,363.4,255,23.9,Windows 10,Nhựa,2021,Yes,Yes,Yes,Yes,Yes,No,Yes
4ZR1C39165,5.0,1.0,24.0,Fujitsu,CH 9C13A1 i5 1135G7/4ZR1C39165,24499000,Intel,1135G7,8,Yes,Intel Iris Xe Graphics,30 W,SSD,512,Yes,13.3,1920 x 1080,--,Anti-glare LED-backlit,0.995,307,208,15.9,Windows 10,Kim Loại,2021,Yes,Yes,Yes,Yes,Yes,No,Yes
70253898,5.0,1.0,154.0,Dell,Inspiron N3501 i7 1165G7/70253898,23869000,Intel,1165G7,8,Yes,NVIDIA GeForce MX330 2GB,65 W,SSD,512,Yes,15.6,1920 x 1080,60,WVA Anti-glare LED Backlit Narrow Border,1.96,363.96,249,19.9,Windows 10,Nhựa,2020,Yes,Yes,Yes,Yes,Yes,Yes,Yes
82K1004YVN,5.0,1.0,292.0,Lenovo,Gaming 3 15IHU6 i5 11300H/82K1004YVN,23699000,Intel,11300H,8,Yes,NVIDIA GeForce RTX 3050 4GB,45 W,SSD,512,Yes,15.6,1920 x 1080,120,IPS LCD,2.25,356.67,251,24.4,Windows 10,ABS plastic,2021,Yes,Yes,Yes,Yes,Yes,No,Yes
7G3982,4.0,4.0,214.0,Dell,Vostro V3500 i7 1165G7,23299000,Intel,1165G7,8,Yes,GeForce MX330 2GB,45 W,SSD,512,Yes,15.6,1920 x 1080,60,Anti-glare LED-backlit,1.81,361.4,249,199,Windows 10,Nhựa,2021,Yes,Yes,Yes,Yes,Yes,Yes,Yes
70262927,5.0,1.0,7.0,Dell,Inspiron N5410 i5 1155G7/70262927,23299000,Intel,1155G7,8,Yes,Intel Iris Xe Graphics,65 W,SSD,512,Yes,14.0,1920 x 1080,60,WVA Anti-glare LED Backlit Narrow Border,1.65,322,212,18,Windows 10,--,2021,Yes,Yes,Yes,Yes,Yes,Yes,No
90NB0SM1-M09060,5.0,19.0,1633.0,Asus,Zenbook UX425EA-KI429T/i5-1135G7,23199000,Intel,1135G7,8,Yes,Intel Iris Xe Graphics,65 W,SSD,512,Yes,14.0,1920 x 1080,60,Anti-glare LED-backlit,1.17,319,208,13.9,Windows 10,Kim Loại,2021,Yes,Yes,Yes,Yes,Yes,Yes,Yes
A515EP-BQ196T,5.0,1.0,112.0,Asus,VivoBook A515EP-BQ196T/i7-1165G7,22499000,Intel,1165G7,8,Yes,Nvidia Geforce MX330 2GB,65 W,SSD,512,Yes,15.6,1920 x 1080,60,Anti-glare LED-backlit,1.8,359,235,17.9,Windows 10,Kim Loại,2021,Yes,Yes,Yes,Yes,Yes,Yes,Yes
90NB0VZ2-M00650,5.0,1.0,30.0,Asus,Vivobook Pro M3401QA-KM040T/R7-5800H,22309000,AMD,5800H,8,Yes,AMD Radeon Graphics,90 W,SSD,512,Yes,14.0,2880 x 1800,90,OLED,1.4,319,228,19.5,Windows 10,Nhôm,2021,Yes,Yes,Yes,Yes,Yes,Yes,Yes
70253897,5.0,1.0,165.0,Dell,Inspiron N3501 i5 1135G7/70253897,21829000,Intel,1135G7,8,Yes,NVIDIA GeForce MX330 2GB,65 W,SSD,512,Yes,15.6,1920 x 1080,60,WVA Anti-glare LED Backlit Narrow Border,1.96,363.96,249,19.9,Windows 10,Nhựa,2020,Yes,Yes,Yes,Yes,Yes,Yes,Yes
460VN,5.0,1.0,105.0,MSI,Modern 14 B11MOU 460VN i7 1165G7,21339000,Intel,1195G7,8,Yes,Intel Iris Graphics,65 W,SSD,512,Yes,14.0,1920 x 1080,60,"IPS LCD LED Backlit, True Tone",1.3,319,219,16.9,Windows 10,Kim Loại,2021,Yes,Yes,Yes,Yes,Yes,Yes,Yes
014VN,5.0,1.0,17.0,MSI,Gaming GF63 10SC 014VN i5 10200H,20990000,Intel,10200H,8,Yes,NVIDIA® GeForce® GTX1650 4GB,120 W,SSD,512,Yes,15.6,1920 x 1080,144,"IPS LCD LED Backlit, True Tone",2.2,359,249.6,24.9,Windows 10,Kim Loại,2021,Yes,Yes,Yes,Yes,Yes,No,Yes
468VN,5.0,1.0,1322.0,MSI,Gaming GF63- 468VN i5 10500H,20369000,Intel,10500H,8,Yes,NVIDIA GeForce GTX1650 Max Q 4GB,120 W,SSD,512,Yes,15.6,1920 x 1080,144,"IPS LCD LED Backlit, True Tone",1.86,359,254,21.7,Windows 10,Kim Loại,2021,Yes,Yes,Yes,Yes,Yes,No,Yes
678VN,5.0,1.0,129.0,MSI,Modern 15 A11MU 678VN i5 1155G7,19999000,Intel,1155G7,8,Yes,Intel Iris Graphics,65 W,SSD,512,Yes,15.6,1920 x 1080,60,"IPS LCD LED Backlit, True Tone",1.6,356.8,233.7,16.9,Windows 10,Kim Loại,2021,Yes,Yes,Yes,Yes,Yes,Yes,Yes
2020,5.0,1.0,167.0,Microsoft,Surface Laptop Go/Core i5-1035G1,19999000,Intel,1035G1,8,Yes,Intel UHD Graphics,39 W,SSD,128,Yes,12.4,1536 x 1024,60,IPS LCD,1.1,278.18,205.67,15.69,Windows 10,Nhôm,Trung Quốc,Yes,Yes,Yes,Yes,Yes,No,Yes
292VN,5.0,1.0,33.0,MSI,Gaming Bravo 15 A4DCR 292VN R5 4600H,19990000,AMD,4600H,8,Yes,AMD Radeon RX 5300M 3GB,180 W,SSD,512,Yes,15.6,1920 x 1080,144,"IPS LCD LED Backlit, True Tone",1.91,359,254.5,21.7,Windows 10,Kim loại và nhựa,2021,Yes,Yes,Yes,Yes,Yes,No,Yes
70262929,5.0,1.0,35.0,Dell,Inspiron N5415 R5 5500U/70262929,19799000,AMD,5500U,8,Yes,AMD Radeon Graphics,65 W,SSD,256,Yes,14.0,1920 x 1080,60,WVA Anti-glare LED Backlit Narrow Border,1.43,322,212,18,Windows 10,--,2021,Yes,Yes,Yes,Yes,Yes,Yes,No
A515EP-BQ496T,5.0,1.0,166.0,Asus,Vivobook A515EP-BQ496T/i5-1135G7,19499000,Intel,1135G7,8,Yes,Nvidia Geforce MX330 2GB,42 W,SSD,512,Yes,15.6,1920 x 1080,60,Anti-glare LED-backlit,1.8,359,233,23.5,Windows 10,Kim Loại,2021,Yes,Yes,Yes,Yes,Yes,Yes,Yes
82LN00APVN,4.0,2.0,304.0,Lenovo,IdeaPad Slim 5 15ALC05 R7 5700U,18999000,AMD,5700U,8,Yes,AMD Radeon Graphics,45 W,SSD,512,Yes,15.6,1920 x 1080,60,"IPS LCD LED Backlit, True Tone",1.66,356.67,233.13,19.9,Windows 10,Nhôm,2021,Yes,Yes,Yes,Yes,Yes,Yes,Yes
21A2004AVN,5.0,1.0,431.0,Lenovo,ThinkBook 14 G3 ACL R5 5500U/21A2004AVN,18699000,AMD,5500U,8,Yes,AMD Radeon Graphics,45 W,SSD,512,Yes,14.0,1920 x 1080,60,"IPS LCD LED Backlit, True Tone",1.4,323,217.5,17.9,Windows 10,Nhôm,2021,Yes,Yes,Yes,Yes,Yes,Yes,Yes
70253897,5.0,1.0,2.0,Dell,Vostro V5515 R3 5300U/70253897,18599000,AMD,5300U,8,Yes,AMD Radeon Graphics,65 W,SSD,256,Yes,15.6,1920 x 1080,60,WVA Anti-glare LED Backlit Narrow Border,1.74,356,228,18,Windows 10,--,2021,Yes,Yes,Yes,Yes,Yes,Yes,No
46L79PA,5.0,1.0,91.0,HP,Pavilion 14 dv0510TU i5-1135G7/46L79PA,18499000,Intel,1135G7,8,Yes,Intel Iris Xe Graphics,45 W,SSD,512,Yes,14.0,1920 x 1080,--,FHD,1.41,325,216.6,17,Windows 11,--,2021,Yes,Yes,Yes,Yes,Yes,No,Yes
NS14A9VNV561-ABA,5.0,1.0,23.0,Avita,Liber NS14A9 R5 4500U/NS14A9VNV561-ABA,17999000,AMD,4500U,8,Yes,AMD Radeon RX Graphics,42 W,SSD,512,Yes,14.0,1920 x 1080,60,--,1.3,--,--,--,Windows 10,Nhôm,2020,Yes,Yes,Yes,Yes,Yes,Yes,Yes
NS14A9VNV561-UGA,5.0,1.0,31.0,Avita,Liber NS14A9 R5 4500U/NS14A9VNV561-UGA,17999000,AMD,4500U,8,Yes,Radeon RX Graphics,42 W,SSD,512,Yes,14.0,1920 x 1080,60,--,1.3,--,--,--,Windows 10,Nhôm,2020,Yes,Yes,Yes,Yes,Yes,Yes,Yes
4P5G7PA,4.0,3.0,1388.0,HP,Pavilion 15 eg0540TU i5 1135G7,17999000,Intel,1135G7,8,Yes,Intel Iris Xe Graphics,45 W,SSD,256,Yes,15.6,1920 x 1080,60,--,1.68,360,234,17.9,Windows 10,Nhựa,2021,Yes,Yes,Yes,Yes,Yes,Yes,Yes
90NB0TY1-M23210,5.0,1.0,20.0,Asus,VivoBook X515EA-BR1409T/i5-1135G7,17599000,Intel,1135G7,8,Yes,Intel Iris Xe Graphics,37 W,,512,Yes,15.6,1366 x 768,60,LED Backlit,1.8,360,235,199,Windows 10,ABS plastic,2021,Yes,Yes,Yes,Yes,Yes,No,Yes
518V6PA,5.0,1.0,1024.0,HP,240 G8 i5 1135G7,17499000,Intel,1135G7,8,Yes,Intel Xe Graphics,45 W,SSD,256,Yes,14.0,1920 x 1080,60,--,1.42,324,225,19.9,Windows 10,Nhựa,2021,Yes,Yes,Yes,Yes,Yes,No,Yes
062VN,5.0,2.0,1483.0,MSI,Modern 14 B5M R5 5500U/062VN,17299000,AMD,5500U,8,Yes,AMD Radeon Graphics,65 W,SSD,512,Yes,14.0,1920 x 1080,60,Anti-glare LED-backlit,1.3,319,219,16.9,Windows 10,Kim Loại,2021,Yes,Yes,Yes,Yes,Yes,Yes,Yes
36A43PA,5.0,1.0,212.0,HP,340s G7 i5 1035G1/36A43PA,17199000,Intel,1035G1,8,Yes,Intel UHD Graphics,45 W,SSD,256,Yes,14.0,1920 x 1080,60,--,1.3,324,225,17.9,Windows 10,Nhựa,2021,Yes,Yes,Yes,Yes,Yes,Yes,Yes
2H3L1PA,5.0,1.0,96.0,HP,Pavilion 14 dv0042TU i5-1135G7,17190000,Intel,1135G7,8,Yes,Intel Iris Xe Graphics,45 W,SSD,256,Yes,14.0,1920 x 1080,60,Anti-glare LED-backlit,1.41,383,69,305,Windows 10,Kim Loại,2021,Yes,Yes,Yes,Yes,Yes,Yes,Yes
82H7003UVN,5.0,1.0,338.0,Lenovo,IdeaPad Slim 3 14ITL6 i5 1135G7,16999000,Intel,1135G7,8,Yes,Intel Iris Xe Graphics,--,,512,Yes,14.0,1920 x 1080,60,Anti-glare LED-backlit,1.41,324,215.6,19.9,Windows 10,ABS plastic,2021,Yes,Yes,Yes,Yes,Yes,Yes,Yes
A515EA-BN1688T,5.0,2.0,638.0,Asus,Vivobook A515EA-BN1688T/i3-1115G4,15999000,Intel,1115G4,8,Yes,Intel UHD Graphics,42 W,SSD,256,Yes,15.6,1920 x 1080,60,Anti-glare LED-backlit,1.8,359,--,23.5,Windows 10,Kim Loại,2021,Yes,Yes,Yes,Yes,Yes,Yes,Yes
NK,5.0,1.0,28.0,Dell,Inspiron N3502 Pentium N5030/NK,11699000,Intel,N5030,4,Yes,Intel UHD Graphics 605,45 W,SSD,128,Yes,15.6,1366 x 768,60,Anti-glare LED-backlit,1.83,363.96,249,19.9,Windows 10,Nhựa,2020,Yes,Yes,Yes,Yes,Yes,Yes,Yes
P91K5,5.0,1.0,0.0,Dell,Inspiron N3510 N4020/P91K5_NK,10999000,Intel,N4020,4,Yes,Intel UHD Graphics 600,65 W,SSD,128,Yes,15.6,1366 x 768,60,--,1.65,358.5,235,0.41 ~ 15.6,Windows 10,Nhựa,2021,Yes,Yes,Yes,Yes,Yes,Yes,Yes
90NX03A1-M06750,5.0,2.0,209.0,Asus,Flip BR1100FKA-BP0531T/N4500,9999000,Intel,N4500,4,Yes,Intel UHD Graphics,45 W,eMMC,128,Yes,11.6,1366 x 768,60,Anti-glare LED-backlit,1.35,296.9,204.7,20,Windows 10,Nhựa,2021,Yes,Yes,Yes,Yes,Yes,No,Yes
90NB0U71-M00460,4.0,6.0,969.0,Asus,Vivobook E210KA-GJ031T/N4500,7799000,Intel,N4500,4,Yes,Intel UHD Graphics 600,33 W,eMMC,128,Yes,11.6,1366 x 768,--,BrightView LED Backlit,1.1,280.5,189,16.9,Windows 10,ABS plastic,2021,Yes,Yes,Yes,Yes,Yes,Yes,Yes
