PN,Name,Price,Price Origin,Screen Size,CPU,RAM,Hard Drive,Graphic Card,Weight,Rating,Rating detail,Rating Count,Comment Count
NH.QD8SV.002,Acer Nitro Gaming AN515-57-51G6/i5-11400H,24699000,25999000,"15.6""",Core i5,8 GB,SSD 512 GB,NVIDIA GeForce RTX3050 4GB,2.2,4,"['5', '1', '2', '0', '0']",8,1743
90NB0SM1-M09060,Asus Zenbook UX425EA-KI429T/i5-1135G7,23199000,23999000,"14.0""",Core i5,8 GB,SSD 512 GB,Intel Iris Xe Graphics,1.17,5,"['19', '0', '0', '0', '0']",1,1538
4ZR1C39165,Fujitsu CH 9C13A1 i5 1135G7/4ZR1C39165,23999000,25999000,"13.3""",Core i5,8 GB,SSD 512 GB,Intel Iris Xe Graphics,0.995,5,"['1', '0', '0', '0', '0']",1,22
NH.QD8SV.001,Acer Nitro Gaming AN515-57-74RD/i7-11800H,26599000,27999000,"15.6""",Core i7,8 GB,SSD 512 GB,Geforce RTX 3050 4GB,2.2,5,"['2', '0', '0', '0', '0']",2,1004
286VN,MSI Gaming GF65 10UE 286VN i5 10500H,28199000,29699000,"15.6""",Core i5,16 GB,SSD 512 GB,NVIDIA GeForce RTX 3060 Max- Q 6GB,1.86,5,"['1', '1', '0', '0', '0']",2,203
P89F002G3500B,Dell Gaming G3 15 3500B i7 10750H/P89F002G3500B,31039000,31999000,"15.6""",Core i7,16 GB,SSD 512 GB,Nvidia GTX1660Ti 6GB,2.58,3,"['1', '0', '0', '0', '1']",2,188
NH.QD9SV.001,Acer Nitro Gaming AN515-57-74NU/i7-11800H,26999000,29999000,"15.6""",Core i7,8 GB,SSD 512 GB,NVIDIA GeForce RTX 3050Ti 4GB,2.2,5,"['1', '0', '0', '0', '0']",1,466
641VN,MSI Gaming Katana GF66 11UC 641VN i7 11800H,29109000,29999000,"15.6""",Core i7,8 GB,SSD 512 GB,NVIDIA GeForce RTX 3050 4GB,2.1,5,"['1', '0', '0', '0', '0']",1,43
481VN,MSI Gaming GF63 Thin 10SC-481VN i7 10750H,22299000,23299000,"15.6""",Core i7,8 GB,SSD 512 GB,NVIDIA GeForce GTX1650 Max Q 4GB,1.86,5,"['1', '0', '0', '0', '0']",1,525
2K0B6PA,HP Envy 13 ba1030TU i7 1165G7/2K0B6PA,29779000,30699000,"13.3""",Core i7,8 GB,SSD 512 GB,Card Onboard,1.25,5,"['1', '0', '0', '0', '0']",1,123
G5 MD-51S1123SH,Gigabyte Gaming G5 MD i5 11400H/51S1123SH,27999000,29999000,"15.6""",Core i5,16 GB,SSD 512 GB,NVIDIA GeForce RTX3050 Ti 4GB,2.2,5,"['1', '0', '0', '0', '0']",1,34
255VN,MSI Gaming Pulse GL66 11UDK 255VN i7 11800H,32979000,33999000,"15.6""",Core i7,16 GB,SSD 512 GB,NVIDIA® GeForce® RTX 3050 Ti 4GB,2.25,5,"['1', '0', '0', '0', '0']",1,70
697VN,MSI Gaming Katana GF66 11UD 697VN i7 11800H,29499000,30999000,"15.6""",Core i7,8 GB,SSD 512 GB,NVIDIA GeForce  GTX 3050 4GB,2.1,5,"['1', '0', '0', '0', '0']",1,19
NH.QBCSV.001,Acer Nitro Gaming AN515-45-R0B6/R7-5800H,31349000,32999000,"15.6""",Ryzen 7,8 GB,SSD 512 GB,GeForce RTX™ 3060 6GB DDR6,2.2,5,"['1', '0', '0', '0', '0']",1,379
UX325EA-KG363T,Asus Zenbook UX325EA-KG363T/i5-1135G7,23299000,24299000,"13.3""",Core i5,8 GB,SSD 512 GB,Intel Iris Xe Graphics,1.1,5,"['2', '0', '0', '0', '0']",2,618
90NR03U1-M02530,Asus TUF Gaming FX506LH-HN002T/i5-10300H,21339000,21999000,"15.6""",Core i5,8 GB,SSD 512 GB,GeForce GTX 1650 4GB-GDDR6,2.3,5,"['227', '0', '0', '0', '1']",2,2214
82K1004YVN,Lenovo Gaming 3 15IHU6 i5 11300H/82K1004YVN,24299000,25499000,"15.6""",Core i5,8 GB,SSD 512 GB,NVIDIA GeForce RTX 3050 4GB,2.25,5,"['1', '0', '0', '0', '0']",1,242
096VN,MSI Gaming Katana GF76 11UC 096VN i7 11800H,29409000,30299000,"17.3""",Core i7,8 GB,SSD 512 GB,NVIDIA® GeForce® RTX3050 4GB,2.6,5,"['1', '0', '0', '0', '0']",1,50
82K100FBVN,Lenovo Gaming 3 15IHU6 i7 11370H/82K100FBVN,27599000,28999000,"15.6""",Core i7,8 GB,SSD 512 GB,NVIDIA GeForce RTX 3050 4GB,2.25,5,"['1', '0', '0', '0', '0']",1,41
089VN,MSI Prestige 14EVO A11M-089VN i7-1185G7,28499000,29999000,"14.0""",Core i7,16 GB,SSD 512 GB,Intel Iris Xe Graphics,1.29,5,"['1', '0', '0', '0', '0']",1,71
020VN,MSI Gaming GF63 10SC 020VN i7 10750H,22319000,22999000,"15.6""",Core i7,8 GB,SSD 512 GB,GeForce GTX 1650 Max Q 4GB,1.86,5,"['1', '0', '0', '0', '0']",1,556
90NB0U71-M00460,Asus Vivobook E210KA-GJ031T/N4500,7799000,7799000,"11.6""",Celeron,4 GB,eMMC 128GB,Intel UHD Graphics 600,1.1,4,"['4', '0', '0', '0', '2']",6,936
FX516PE-HN005T,ASUS Gaming TUF FX516PE-HN005T/i7-11370H,27999000,29999000,"15.6""",Core i7,8 GB,SSD 512 GB,Nvidia GeForce RTX3050Ti_4GB,2.072,5,"['3', '0', '0', '0', '0']",3,236
GV301QC-K6052T,Asus FLow Gaming GV301QC-K6052T/R9-5900HX,37999000,39999000,"13.4""",Ryzen 9,16 GB,SSD 512 GB,Nvidia GeForce RTX3050 4GB,1.3,5,"['1', '0', '0', '0', '0']",1,48
90NB0SM1-M09310,Asus Zenbook UX425EA-KI439T/i7-1165G7,29499000,30699000,"14.0""",Core i7,16 GB,SSD 512 GB,Intel Iris Xe graphics,1.17,5,"['1', '0', '0', '0', '0']",1,245
4R0U8PA,HP Gaming VICTUS 16 e0175AX R5 5600H/4R0U8PA,23739000,24499000,"16.1""",Ryzen 5,8 GB,SSD 512 GB,NVIDIA GeForce RTX 3050 4GB,2.46,5,"['1', '0', '0', '0', '0']",1,473
036VN,MSI Gaming Alpha 15 B5EEK 036VN R7 5800H/036VN,34999000,36999000,"15.6""",Ryzen 7,16 GB,SSD 512 GB,AMD Radeon RX 6600M 8GB,2.35,5,"['1', '0', '0', '0', '0']",1,22
82L3005FVN,Lenovo Ideapad 5 Pro 14ITL6 i7 1165G7/82L3005FVN,27299000,28699000,"14.0""",Core i7,16 GB,SSD 512 GB,NVIDIA Geforce MX450 2GB,1.41,5,"['1', '0', '0', '0', '0']",1,86
P89F002BWH,Dell Gaming G3 15 i7 10750H,31039000,31999000,"15.6""",Core i7,16 GB,SSD 512 GB,NVIDIA® GeForce® GTX 1660Ti 6GB,2.58,5,"['1', '0', '0', '0', '0']",1,51
P100F001,Dell Gaming G7 15 7500 i7 10750H,37829000,38999000,"15.6""",Core i7,8 GB,SSD 512 GB,NVIDIA® GeForce® GTX 1660Ti 6GB,2.56,5,"['1', '0', '0', '0', '0']",1,17
90NR07P2-M00390,Asus ROG Gaming G513IH-HN015T/R7-4800H,22499000,23499000,"15.6""",Ryzen 7,8 GB,SSD 512 GB,GeForce GTX 1650 4GB,2.1,5,"['2', '0', '0', '0', '0']",2,1010
70258049,Dell Gaming G15 5515 R7 5800H/70258049,30049000,30999000,"15.6""",Ryzen 7,8 GB,SSD 512 GB,NVIDIA GeForce GTX 3050 4GB,2.81,5,"['1', '0', '0', '0', '0']",1,52
NH.QC5SV.001,ACER Predator Gaming PH315-54-78W5/i7-11800H,32299000,33999000,"15.6""",Core i7,8 GB,SSD 512 GB,NVIDIA GeForce RTX 3050Ti 4GB,2.3,5,"['1', '0', '0', '0', '0']",1,214
NH.QDQSV.001,Acer Triton Gaming PT315-53-75LQ/i7-11800H,40590000,44990000,"15.6""",Core i7,16 GB,SSD 512 GB,Nvidia Geforce RTX3060 6GB,2.0,5,"['1', '0', '0', '0', '0']",1,38
NX.HS5SV.00F,Acer Aspire 3 A315-56-502X/i5-1035G1,13999000,13999000,"15.6""",Core i5,4 GB,SSD 256 GB,Intel UHD Graphics,1.7,5,"['2', '0', '0', '0', '0']",2,2236
MK1A3SA/A,"MacBook Pro 16"" 2021 M1 Max 1TB",92990000,92990000,"16.2""",M1 Max,32 GB,SSD 1 TB,Apple M1 Max,2.129,5,"['1', '0', '0', '0', '0']",1,3
MK183SA/A,"MacBook Pro 16"" 2021 M1 Pro 512GB",65990000,65990000,"16.2""",M1 Pro,16 GB,SSD 512 GB,Apple M1 Pro,2.129,5,"['1', '0', '0', '0', '0']",1,10
JGNH62,Dell XPS 13 9310 i7 1165G7/JGNH62,58199000,59999000,"13.4""",Core i7,16 GB,SSD 512 GB,Intel Iris Xe Graphics,1.32,5,"['1', '0', '0', '0', '0']",1,21
MKGP3SA/A,"MacBook Pro 14"" 2021 M1 Pro 512GB",52990000,52990000,"14.2""",M1 Pro,16 GB,SSD 512 GB,Apple M1 Pro,1.604,5,"['1', '0', '0', '0', '0']",1,22
231V7PA,HP Envy 15-ep0145TX i7 10750H,48990000,49990000,"15.6""",Core i7,16 GB,SSD 1 TB,NVIDIA® GeForce RTX 1660 Max- Q 6GB,2.14,5,"['1', '0', '0', '0', '0']",1,33
20UN007HVN,Lenovo Thinpad X1 Nano i5 1130G7,47499000,49999000,"13.0""",Core i5,16 GB,SSD 512 GB,Intel Iris Xe Graphics,0.92,5,"['1', '0', '0', '0', '0']",1,3
MWP42SA/A,"MacBook Pro 13"" 2020 Touch Bar 2.0GHz Core i5",46999000,47999000,"13.3""",Core i5,16 GB,SSD 512 GB,Intel Iris Plus Graphics,1.4,3,"['10', '6', '2', '8', '8']",3,93
407VN,MSI Stealth Gaming GS66 10SE-407VN/i7-10750H,46990000,46990000,"15.6""",Core i7,16 GB,SSD 512 GB,GeForce RTX 2060 6GB	,2.1,5,"['1', '0', '0', '0', '0']",1,28
NH.QDSSV.001,Acer Triton Gaming PT315-53-71DJ/i7-11800H,45999000,50999000,"15.6""",Core i7,16 GB,SSD 512 GB,Nvidia Geforce RTX3070 8GB,2.0,5,"['1', '0', '0', '0', '0']",1,10
068VN,MSI Summit E16 Flip A11UCT i7 1195G7,45599000,46999000,"16.0""",Core i7,16 GB,SSD 1 TB,NVIDIA® GeForce® RTX3050 4GB,1.9,5,"['1', '0', '0', '0', '0']",1,34
20XW0077VN,Lenovo ThinkPad X1 Carbon 9 i5 1135G7/20XW0077VN,45499000,47999000,"14.0""",Core i5,16 GB,SSD 512 GB,Intel Iris Graphics,1.13,5,"['1', '0', '0', '0', '0']",1,0
90NR05R7-M02570,ASUS Gaming Zephyrus GA401QEC-K2064T/R9-5900HS,43999000,49999000,"14.0""",Ryzen 9,16 GB,SSD 1 TB,Nvidia Geforce RTX3050Ti 4GB,1.7,5,"['1', '0', '0', '0', '0']",1,9
20U9007YVN,Lenovo ThinkPad X1 Carbon 8 i5 10210U,43699000,45999000,"14.0""",Core i5,16 GB,nan,Card Onboard,1.1,5,"['1', '0', '0', '0', '0']",1,54
4Y0Z7PA,HP Gaming OMEN 16 b0141TX i5 11400H,42499000,43999000,"16.1""",Core i5,16 GB,SSD 1 TB,NVIDIA GeForce RTX 3060 6GB,2.3,5,"['1', '0', '0', '0', '0']",1,4
90NB0RZ2-M12520,Asus Zenbook UX371EA-HL494TS/i7-1165G7,41990000,41990000,"13.3""",Core i7,16 GB,SSD 1 TB,Intel Iris Xe Graphics,1.2,5,"['1', '0', '0', '0', '0']",1,0
232VN,MSI Gaming Stealth 15M A11UEK 232VN i7 11375H,40499000,41999000,"15.6""",Core i7,16 GB,SSD 512 GB,NVIDIA GeForce RTX 3060 Max-Q 6GB,1.7,5,"['1', '0', '0', '0', '0']",1,6
nan,Microsoft Surface Pro 7 Core i7-1065G7,39999000,39999000,"12.3""",Core i7,16 GB,SSD 256 GB,Intel Iris Plus Graphics,0.775,nan,"['nan', 'nan', 'nan', 'nan', 'nan']",nan,nan
90NB0S41-M05040,Asus Zenbook Duo UX482EA-KA268T/i7-1165G7,39990000,39990000,"14.0""",Core i7,16 GB,SSD 1 TB,Intel Iris Xe Graphics,1.62,5,"['1', '0', '0', '0', '0']",1,0
Z11B,"MacBook Pro 13"" 2020 Touch Bar M1 16GB/256GB",39499000,39999000,"13.3""",M1,16 GB,SSD 256 GB,Apple M1,1.4,4,"['1', '1', '1', '0', '0']",3,286
4Y0Z8PA,HP Gaming OMEN 16 b0142TX i5 11400H,38799000,39999000,"16.1""",Core i5,16 GB,SSD 1 TB,NVIDIA GeForce RTX 3050 Ti 4GB,2.3,5,"['1', '0', '0', '0', '0']",1,5
220VN,MSI Summit E13 Flip Evo A11MT i7 1185G7,38799000,39999000,"13.4""",Core i7,16 GB,SSD 1 TB,Intel Iris Xe Graphics,1.35,5,"['1', '0', '0', '0', '0']",1,18
P89F003G5500B,Dell Gaming G5 15 Core i7 10750H,38799000,39999000,"15.6""",Core i7,16 GB,SSD 1 TB,NVIDIA GeForce RTX 2070 8GB,2.65,5,"['1', '0', '0', '0', '0']",1,24
70252800,Dell Gaming G5 5500 i7 10750H,37999000,37999000,"15.6""",Core i7,16 GB,SSD 512 GB,NVIDIA GeForce RTX 2070 8GB GDDR6,2.4,5,"['1', '0', '0', '0', '0']",1,1
NH.QC2SV.002,Acer Predator Helios Gaming PH315-54-75YD/i7-11800H,37999000,39999000,"15.6""",Core i7,16 GB,SSD 512 GB,Nvidia Geforce RTX3060 6GB,2.3,5,"['1', '0', '0', '0', '0']",1,58
90NX0SX1-M10080,Asus ExpertBook B9400CEA-KC0790T/i7-1165G7,37490000,37490000,"14.0""",Core i7,16 GB,SSD 1 TB,Intel Iris Xe Graphics,0.995,5,"['1', '0', '0', '0', '0']",1,0
NH.QDGSV.001,Acer Nitro Gaming AN515-57-77KU/i7-11800H,36999000,38999000,"15.6""",Core i7,16 GB,SSD 512 GB,Nvidia  Geforce RTX3060 6GB,2.2,5,"['1', '0', '0', '0', '0']",1,24
MYDA2SA/A,"MacBook Pro 13"" 2020 Touch Bar M1 256GB",34499000,34999000,"13.3""",M1,8 GB,SSD 256 GB,Apple M1,1.4,5,"['6', '0', '1', '0', '0']",7,653
061VN,MSI Gaming Stealth15M A11SDK 061VN i7 1185G7,34490000,34490000,"15.6""",Core i7,Đang cập nhật,SSD 512 GB,GeForce GTX 1660Ti Max- Q 6GB,1.693,5,"['1', '0', '0', '0', '0']",1,18
037VN,MSI  Prestie 15 A11SC 037VN i7 1185G7,33979000,34999000,"15.6""",Core i7,16 GB,SSD 512 GB,NVIDIA GeForce GTX 1650 Max-Q 4GB,1.693,5,"['1', '0', '0', '0', '0']",1,10
1A2F1AV,HP ZBook Firefly 14 G8 i5 1135G7/1A2F1AV,33889000,34899000,"14.0""",Core i5,16 GB,nan,Intel Iris Xe Graphics,1.35,5,"['1', '0', '0', '0', '0']",1,5
nan,MSI Leopard GL65 10SDK-242VN/Core i7-10750H,33490000,33490000,"15.6""",Core i7,16 GB,SSD 512 GB,GeForce GTX 1660 Ti 6GB,2.3,nan,"['nan', 'nan', 'nan', 'nan', 'nan']",nan,nan
90NB0RZ1-M13430,Asus Zenbook Flip UX363EA-HP548T/i7-1165G7,32999000,33999000,"13.3""",Core i7,16 GB,SSD 512 GB,Intel Iris Xe Graphics,1.3,5,"['1', '0', '0', '0', '0']",1,11
90NB0S41-M05030,Asus Zenbook Duo UX482EA-KA274T/i5-1135G7,32990000,32990000,"14.0""",Core i5,8 GB,SSD 512 GB,Intel Iris Xe Graphics,1.62,5,"['1', '0', '0', '0', '0']",1,0
90NR0606-M03570,ASUS Gaming TUF FA506QM-HN016T/R7-5800H,31999000,32999000,"15.6""",Ryzen 7,16 GB,SSD 512 GB,Nvidia Geforce  RTX3060 6GB,2.39,5,"['1', '0', '0', '0', '0']",1,37
90NR05X1-M00480,Asus TUF Gaming FX516PM-HN002T/i7-11370H,31999000,32999000,"15.6""",Core i7,8 GB,SSD 512 GB,Nvidia Geforce  RTX3060 6GB,2,5,"['1', '0', '0', '0', '0']",1,4
nan,Asus Zenbook Duo UX482EA-KA081T i5 1135G7,31499000,32999000,"14.0""",Core i5,8 GB,SSD 512 GB,Intel Iris Xe Graphics,1.62,nan,"['nan', 'nan', 'nan', 'nan', 'nan']",nan,nan
NH.QDGSV.003,Acer Nitro Gaming AN515-57-5831/i5-11400H,31349000,32999000,"15.6""",Core i5,8 GB,SSD 512 GB,NVIDIA GeForce RTX 3060 6GB,2.2,5,"['1', '0', '0', '0', '0']",1,59
N4I5134W,Dell Inspiron N7400 i5 1135G7/N4I5134W,29549000,30499000,Đang cập nhật,Core i5,16 GB,SSD 512 GB,NVIDIA GeForce MX350 2GB,1.35,5,"['1', '0', '0', '0', '0']",1,48
MGN63SA/A,"MacBook Air 13"" 2020 M1 256GB",28999000,28999000,"13.3""",M1,8 GB,SSD 256 GB,Apple M1,1.29,5,"['2', '0', '0', '0', '0']",2,1369
4U6M4PA,HP Envy 13 ba1535TU i7 1165G7/4U6M4PA,28899000,29899000,"13.3""",Core i7,8 GB,SSD 512 GB,Intel Iris Xe Graphics,1.23,5,"['1', '0', '0', '0', '0']",1,29
NX.AU3SV.001,Acer Swift X SFX14-41G-R61A/R5-5600U,28499000,29999000,"14.0""",Ryzen 5,16 GB,nan,Nvidia Geforce RTX3050Ti 4GB,1.39,5,"['1', '0', '0', '0', '0']",1,46
FX706HC-HX009T,Asus TUF Gaming FX706HC-HX009T/i7-11800H,27999000,29999000,"17.3""",Core i7,8 GB,SSD 512 GB,Nvidia Geforce RTX3050 4GB,2.6,5,"['1', '0', '0', '0', '0']",1,20
31J36PA,HP Pavillion Gaming 15 dk1159TX/i7 10750H,27990000,28990000,"15.6""",Core i7,8 GB,SSD 512 GB,NVIDIA® GeForce® GTX1659 4GB,2.23,5,"['1', '0', '0', '0', '0']",1,10
90NR05U1-M00940,ASUS Gaming TUF FX516PC-HN001T/i7-11370H,27790000,28990000,"15.6""",Core i7,8 GB,SSD 512 GB,Nvidia Geforce RTX3050 4GB,2,5,"['1', '0', '0', '0', '0']",1,48
nan,Lenovo Yoga 7 14ITL05 i7 1165G7/82BH00CLVN,27599000,28999000,"14.0""",Core i7,8 GB,SSD 512 GB,Intel Iris Xe Graphics,1.43,nan,"['nan', 'nan', 'nan', 'nan', 'nan']",nan,nan
82B500RRVN,Lenovo Gaming Legion 5 R7 4800H,27599000,28999000,"15.6""",Ryzen 7,16 GB,nan,NVIDIA® GeForce® GTX1650Ti 4GB,2.3,5,"['1', '0', '0', '0', '0']",1,306
nan,HP Pavilion Gaming 15 dk1074TX i7 10750H/1K3U8PA,27490000,27490000,"15.6""",Core i7,8 GB,SSD 512 GB,GeForce GTX 1650 4GB,2.23 Kg,nan,"['nan', 'nan', 'nan', 'nan', 'nan']",nan,nan
171N3PA,HP Envy x360 13 ay0069AU R7 4700U/171N3PA,27199000,27199000,"13.3""",Ryzen™ 7,8 GB,SSD 256 GB,AMD Radeon Graphics,1.32kg,5,"['1', '0', '0', '0', '0']",1,96
--,Microsoft Surface Pro 7/Core i5-1035G4,26099000,27499000,"12.3""",Core i5,8 GB,SSD 128 GB,Intel Iris Plus Graphics,0.775,5,"['1', '0', '0', '0', '0']",1,78
--,Microsoft Surface Pro 7/Core i5-1035G4,25999000,25999000,"12.3""",Core i5,8 GB,SSD 128 GB,Intel Iris Plus Graphics,0.775,5,"['1', '0', '0', '0', '0']",1,119
90NR07H3-M00090,ASUS Gaming Zephyrus GA401IHR-HZ009T/R7-4800HS,25999000,27999000,"14.0""",Ryzen 7,8 GB,SSD 512 GB,GeForce GTX 1650 4GB,1.6,5,"['1', '0', '0', '0', '0']",1,163
NH.QD9SV.002,Acer Nitro Gaming AN515-57-57MX/i5-11400H,25899000,27499000,"15.6""",Core i5,8 GB,SSD 512 GB,Nvidia Geforce RTX3050Ti 4GB,2.2,5,"['4', '0', '0', '0', '0']",4,265
V4I7015W,Dell Vostro V3400 i7 1165G7,25269000,25999000,"14.0""",Core i7,8 GB,SSD 512 GB,NVIDIA® GeForce® MX330 2GB,1.81,5,"['1', '0', '0', '0', '0']",1,206
2Z6J6PA,HP Probook 440 G8 i7 1165G7,25190000,26190000,"14.0""",Core i7,16 GB,SSD 512 GB,Intel Iris Xe Graphics,1.4,5,"['1', '0', '0', '0', '0']",1,48
51S1121SH,Gigabyte Gaming G5 GD i5 11400H/51S1121SH,24999000,26999000,"15.6""",Core i5,16 GB,SSD 512 GB,NVIDIA GeForce RTX 3050 4GB,2.2,5,"['1', '0', '0', '0', '0']",1,97
NH.QENSV.003,Acer Nitro Gaming AN515-57-54MV/i5-11400H,24899000,26499000,"15.6""",Core i5,8 GB,SSD 512 GB,Nvidia Geforce RTX3050 4GB,2.2,5,"['1', '0', '0', '0', '0']",1,178
82A30071VN,Lenovo Yoga Slim 7 14ITL05 i5 1135G7,23999000,25199000,"14.0""",Core i5,16 GB,SSD 512 GB,Intel Iris Xe Graphics,1.36,2,"['1', '0', '0', '0', '2']",3,341
70253898,Dell Inspiron N3501 i7 1165G7/70253898,23869000,24599000,"15.6""",Core i7,8 GB,SSD 512 GB,NVIDIA GeForce MX330 2GB,1.96,5,"['1', '0', '0', '0', '0']",1,150
7G3982,Dell Vostro V3500 i7 1165G7,23299000,23999000,"15.6""",Core i7,8 GB,SSD 512 GB,GeForce MX330 2GB,1.81,4,"['2', '1', '1', '0', '0']",4,184
A515EP-BQ196T,ASUS VivoBook A515EP-BQ196T/i7-1165G7,22499000,23499000,"15.6""",Core i7,8 GB,SSD 512 GB,Nvidia Geforce MX330 2GB,1.8,5,"['1', '0', '0', '0', '0']",1,100
NH.QBMSV.005,Acer Nitro Gaming AN515-45-R3SM/R5-5600H,22324000,23499000,"15.6""",Ryzen 5,8 GB,SSD 512 GB,GeForce GTX 1650 4G-GDDR6,2.2,5,"['1', '0', '0', '0', '0']",1,83
0WT8R1,Dell Inspiron N5510 i5 11300H/0WT8R1,22309000,22999000,"15.6""",Core i5,8 GB,SSD 256 GB,Intel Iris Plus Graphics,1.65,5,"['1', '0', '0', '0', '0']",1,74
90NB0VZ2-M00650,Asus Vivobook Pro M3401QA-KM040T/R7-5800H,22309000,22999000,"14.0""",Ryzen 7,8 GB,SSD 512 GB,AMD Radeon Graphics,1.4,5,"['1', '0', '0', '0', '0']",1,20
46M00PA,HP Pavilion 15 eg0504TU i7 1165G7,22309000,22999000,"15.6""",Core i7,8 GB,SSD 512 GB,Intel Iris Xe Graphics,1.68,5,"['1', '0', '0', '0', '0']",1,238
NX.ABNSV.001,Acer Swift 3 SF314-511-59LV/i5-1135G7,21890000,22990000,"14.0""",Core i5,16 GB,SSD 512 GB,Intel Iris Xe Graphics,1.19,5,"['1', '0', '0', '0', '0']",1,70
4P5G3PA,HP Pavilion 14 dv0534TU i7 1165G7/4P5G3PA,21839000,22499000,"14.0""",Core i7,8 GB,SSD 512 GB,Intel Iris Xe Graphics,1.766,5,"['1', '0', '0', '0', '0']",1,86
70253897,Dell Inspiron N3501 i5 1135G7/70253897,21829000,22499000,"15.6""",Core i5,8 GB,SSD 512 GB,NVIDIA GeForce MX330 2GB,1.96,5,"['1', '0', '0', '0', '0']",1,136
YX51W3,Dell Vostro V3400 i5 1135G7/YX51W3,21349000,21999000,"14.0""",Core i5,8 GB,nan,NVIDIA GeForce MX330 2GB,1.55,5,"['1', '0', '0', '0', '0']",1,6
460VN,MSI Modern 14 B11MOU 460VN i7 1165G7,21339000,21999000,"14.0""",Core i7,8 GB,SSD 512 GB,Intel Iris Graphics,1.3,5,"['1', '0', '0', '0', '0']",1,91
014VN,MSI Gaming GF63 10SC 014VN i5 10200H,20990000,20990000,"15.6""",Core i5,8 GB,SSD 512 GB,NVIDIA® GeForce® GTX1650 4GB,2.2,5,"['1', '0', '0', '0', '0']",1,16
P90F006,Dell Vostro V3500 i5 1135G7/P90F006CBL,20849000,21499000,"15.6""",Core i5,8 GB,SSD 512 GB,NVIDIA GeForce MX330 2GB,1.97,5,"['2', '0', '0', '0', '0']",2,68
YX51W2,Dell Vostro V3400 i5 1135G7/YX51W2,20369000,20999000,"14.0""",Core i5,8 GB,nan,NVIDIA GeForce MX 330 2GB,1.59,5,"['1', '0', '0', '0', '0']",1,41
P112F001,Dell Inspiron N3511 i5 1135G7/P112F001BBL,19999000,19999000,"15.6""",Core i5,4 GB,SSD 512 GB,Intel Iris Xe Graphics,1.73,5,"['1', '0', '0', '0', '0']",1,37
A515EA-L11970T,Asus Vivobook A515EA-L11970T/i5-1135G7,19999000,19999000,"15.6""",Core i5,8 GB,SSD 512 GB,Intel Iris Xe Graphics,1.8,5,"['1', '0', '0', '0', '0']",1,188
21A2004BVN,Lenovo ThinkBook 14 G3 ACL R7 5700U/21A2004BVN,19999000,21499000,"14.0""",Ryzen 7,8 GB,SSD 512 GB,AMD Radeon Graphics,1.4,3,"['1', '0', '0', '0', '1']",2,122
NH.QAYSV.004,ACER Aspire Gaming A715-42G-R4ST/R5-5500U,19999000,19999000,"15.6""",Ryzen 5,8 GB,SSD 256 GB,GeForce GTX 1650 4G-GDDR6,2.1,3,"['1', '1', '1', '0', '1']",4,1228
nan,Asus Vivobook Flip TM420IA-EC227T/R7-4700U,19999000,19999000,"14.0""",Ryzen 7,8 GB,SSD 512 GB,AMD Radeon Graphics,1.5,nan,"['nan', 'nan', 'nan', 'nan', 'nan']",nan,nan
678VN,MSI Modern 15 A11MU 678VN i5 1155G7,19999000,19999000,"15.6""",Core i5,8 GB,SSD 512 GB,Intel Iris Graphics,1.6,5,"['1', '0', '0', '0', '0']",1,110
90NB0SG2-M13950,Asus Vivobook A515EA-L1963T/i5-1135G7,19999000,19999000,"15.6""",Core i5,8 GB,SSD 512 GB,Intel Iris Xe Graphics,1.8,5,"['1', '0', '0', '0', '0']",1,326
2020,Microsoft Surface Laptop Go/Core i5-1035G1,19999000,19999000,"12.4""",Core i5,8 GB,SSD 128 GB,Intel UHD Graphics,1.1,5,"['1', '0', '0', '0', '0']",1,127
292VN,MSI Gaming Bravo 15 A4DCR 292VN R5 4600H,19990000,19990000,"15.6""",Ryzen 5,8 GB,SSD 512 GB,AMD Radeon RX 5300M 3GB,1.91,5,"['1', '0', '0', '0', '0']",1,29
Y1N1T5,Dell Inspiron N3505 R5 3500U/Y1N1T5,19699000,20299000,"15.6""",Ryzen 5,8 GB,SSD 512 GB,AMD Radeon Graphics,1.83,5,"['1', '0', '0', '0', '0']",1,77
P106F003ASL,Dell Inspiron N5515 R5 5500U/P106F003ASL,19299000,19299000,"15.6""",Ryzen 5,8 GB,SSD 256 GB,AMD Radeon RX Graphics Vega 7,1.75,5,"['1', '0', '0', '0', '0']",1,121
82FG00R0VN,Lenovo Ideapad Slim 5 15ITL05 i5 1135G7,19199000,20199000,"15.6""",Core i5,16 GB,SSD 512 GB,Intel Iris Xe Graphics,1.66,5,"['2', '1', '0', '0', '0']",3,905
90NB0TP2-M03440,Asus Vivobook M513UA-L1230T/R5-5500U,18999000,18999000,"15.6""",Ryzen 5,8 GB,SSD 512 GB,AMD Radeon Graphics,1.8,5,"['2', '0', '0', '0', '0']",2,542
P90F005,Dell Inspiron N3501B i5 1135G7,18999000,18999000,"15.6""",Core i5,4 GB,SSD 512 GB,Intel Iris Xe Graphics,1.96,5,"['1', '0', '0', '0', '0']",1,288
82FG0129VN,Lenovo IdeaPad Slim 5 15ITL05 i5 1135G7,18999000,18999000,"15.6""",Core i5,8 GB,SSD 512 GB,Intel Iris Xe Graphics,1.66,5,"['2', '0', '0', '0', '0']",2,421
70253900,Dell Vostro V3400 i5 1135G7/70253900,18899000,18899000,"14.0""",Core i5,8 GB,SSD 256 GB,Intel UHD Graphics,1.86,5,"['1', '0', '0', '0', '0']",1,242
852VN,MSI Modern 14 B11MOU 852VN i5 1155G7/852VN,18799000,18799000,"14.0""",Core i5,8 GB,SSD 512 GB,Intel UHD Graphics,1.3,5,"['1', '0', '0', '0', '0']",1,105
46L79PA,HP Pavilion 14 dv0510TU i5 1135G7/46L79PA,18699000,18699000,"14.0""",Core i5,8 GB,SSD 512 GB,Intel Iris Xe Graphics,1.41,5,"['1', '0', '0', '0', '0']",1,13
518V7PA,HP 240 G8 i5 1135G7/518V7PA,18499000,18499000,"14.0""",Core i5,8 GB,SSD 512 GB,Intel Iris Xe Graphics,1.42,5,"['1', '0', '0', '0', '0']",1,64
V4R53500U003W,Dell Vostro V3405 R5 3500U,18499000,18499000,"14.0""",Ryzen 5,8 GB,SSD 512 GB,AMD Radeon Graphics,1.79,5,"['1', '0', '0', '0', '0']",1,494
82H80044VN,Lenovo IdeaPad Slim 3 15ITL6 i5 1135G7,17999000,17999000,"15.6""",Core i5,8 GB,SSD 512 GB,Intel Iris Xe Graphics,1.65,5,"['1', '0', '0', '0', '0']",1,177
90NB0TY1-M23210,Asus VivoBook X515EA-BR1409T/i5-1135G7,17590000,17590000,"15.6""",Core i5,8 GB,nan,Intel Iris Xe Graphics,1.8,5,"['1', '0', '0', '0', '0']",1,1
NS14A9VNV561-ABA,Avita Liber NS14A9 R5 4500U/NS14A9VNV561-ABA,17499000,17999000,"14.0""",Ryzen 5,8 GB,SSD 512 GB,AMD Radeon RX Graphics,1.3,5,"['1', '0', '0', '0', '0']",1,16
518V6PA,HP 240 G8 i5 1135G7,17499000,17499000,"14.0""",Core i5,8 GB,SSD 256 GB,Intel Xe Graphics,1.42,5,"['1', '0', '0', '0', '0']",1,929
NS14A9VNV561-UGA,Avita Liber NS14A9 R5 4500U/NS14A9VNV561-UGA,17399000,17999000,"14.0""",Ryzen 5,8 GB,SSD 512 GB,Radeon RX Graphics,1.3,5,"['1', '0', '0', '0', '0']",1,27
062VN,MSI Modern 14 B5M R5 5500U/062VN,17299000,17299000,"14.0""",Ryzen 5,8 GB,SSD 512 GB,AMD Radeon Graphics,1.3,5,"['2', '0', '0', '0', '0']",2,1430
2H3L1PA,HP Pavilion 14 dv0042TU i5-1135G7,17190000,17490000,"14.0""",Core i5,8 GB,SSD 256 GB,Intel Iris Xe Graphics,1.41,5,"['1', '0', '0', '0', '0']",1,86
82H7003UVN,Lenovo IdeaPad Slim 3 14ITL6 i5 1135G7,16999000,16999000,"14.0""",Core i5,8 GB,nan,Intel Iris Xe Graphics,1.41,5,"['1', '0', '0', '0', '0']",1,327
2020,Dell Inspiron N3505 R5 3450U,16999000,17999000,"15.6""",Ryzen 5,8 GB,SSD 256 GB,AMD Radeon Graphics,1.98,5,"['1', '0', '0', '0', '0']",1,72
V4R53500U001W,Dell Vostro V3405 R5 3500U,16499000,16499000,"14.0""",Ryzen 5,4 GB,SSD 256 GB,AMD Radeon Graphics Vega 8,1.7,5,"['1', '0', '0', '0', '0']",1,599
90NB0S02-M00320,Asus Vivobook Flip TP470EA-EC027T/i3-1115G4,16199000,16199000,"14.0""",Core i3,4 GB,SSD 512 GB,Intel UHD Graphics,1.5,5,"['1', '0', '0', '0', '0']",1,261
70253899,Dell Vostro V3400 i3 1115G4/70253899,15899000,15899000,"14.0""",Core i3,8 GB,SSD 256 GB,Intel UHD Graphics,1.64,5,"['1', '0', '0', '0', '0']",1,154
V5I3001W,Dell Vostro V3500 i3 1115G4,15599000,15599000,"15.6""",Core i3,8 GB,SSD 256 GB,Intel UHD Graphics,1.98,5,"['2', '0', '0', '0', '0']",2,694
90NB0SG2-M23750,Asus VivoBook A515EA-BQ1530T/i3-1115G4,15390000,15390000,"15.6""",Core i3,4 GB,SSD 512 GB,Intel UHD Graphics,1.8,5,"['1', '0', '0', '0', '0']",1,6
P112F001,Dell Inspiron N3511 i3 1115G4/P112F001ABL,15299000,15299000,"15.6""",Core i3,4 GB,SSD 256 GB,Intel UHD Graphics,1.73,5,"['1', '0', '0', '0', '0']",1,72
46M08PA,HP Pavilion 15 eg0509TU i3 1125G4,15299000,15999000,"15.6""",Core i3,4 GB,SSD 512 GB,Intel UHD Graphics,1.68,5,"['1', '0', '0', '0', '0']",1,177
46M12PA,HP Pavilion 15 eg0513TU i3 1125G4,14999000,14999000,"15.6""",Core i3,4 GB,SSD 256 GB,Intel UHD Graphics,1.68,5,"['1', '0', '0', '0', '0']",1,247
nan,Dell Inspiron N3505 R3 3250U/Y1N1T3,14999000,14999000,"15.6""",Ryzen 3,8 GB,nan,AMD Radeon Graphics,1.81,nan,"['nan', 'nan', 'nan', 'nan', 'nan']",nan,nan
46L92PA,HP Pavilion 14 dv0520TU i3 1125G4/46L92PA,14999000,14999000,"14.0""",Core i3,4 GB,SSD 256 GB,Intel UHD Graphics,1.41,5,"['1', '0', '0', '0', '0']",1,119
N3501C,"Dell Inspiron N3501C i3 1115G4/4GB/256GB/15.6""FHD/Win 10",14999000,14999000,"15.6""",Core i3,4 GB,SSD 256 GB,Intel UHD Graphics,1.96,5,"['2', '0', '0', '0', '0']",2,468
X515EA-BQ1004T,Asus Vivobook X515EA-BQ1004T/i3-1115G4,14199000,14199000,"15.6""",Core i3,4 GB,SSD 512 GB,Intel UHD Graphics,1.8,5,"['1', '0', '0', '0', '0']",1,325
82H80040VN,Lenovo IdeaPad Slim 3 15ITL6 i3 1115G4,14199000,14999000,"15.6""",Core i3,8 GB,SSD 512 GB,Intel UHD Graphics,1.65,5,"['2', '2', '0', '0', '0']",4,269
519A7PA,HP 240 G8 i3 1005G1/519A7PA,12899000,12899000,"14.0""",Core i3,4 GB,SSD 256 GB,Intel UHD Graphics,1.42,5,"['1', '0', '0', '0', '0']",1,1421
90NB0TT1-M08860,Asus Vivobook X415EA-EB639T/i3-1115G4,12799000,12799000,"14.0""",Core i3,4 GB,SSD 256 GB,Intel UHD Graphics,1.6,5,"['8', '0', '0', '0', '0']",8,594
81X80055US,Lenovo Ideapad Slim 3 i3 1115G4/_81X80055US_NK,12499000,12499000,"15.6""",Core i3,8 GB,SSD 128 GB,Intel UHD Graphics,1.65,5,"['1', '0', '0', '0', '0']",1,2
NX.HS5SV.001,Acer Aspire 3 A315 56 37DV i3 1005G1/Đen/NX.HS5SV.001,12199000,12199000,"15.6""",Core i3,4 GB,SSD 256 GB,Intel UHD Graphics,1.7,4,"['14', '9', '9', '4', '2']",3,1646
2021,Dell Inspiron N3510 Pentium N5030,11699000,11699000,"15.6""",Pentium,4 GB,SSD 128 GB,Intel UHD Graphics 605,1.65,5,"['1', '0', '0', '0', '0']",1,113
NK,Dell Inspiron N3502 Pentium N5030/NK,11499000,11499000,"15.6""",Pentium,4 GB,SSD 128 GB,Intel UHD Graphics 605,1.83,5,"['1', '0', '0', '0', '0']",1,0
NK,Dell Inspiron N3502 N4020/NK,10999000,10999000,"15.6""",Celeron,4 GB,SSD 128 GB,Intel UHD Graphics 600,1.83,5,"['1', '0', '0', '0', '0']",1,3
2021,Dell Inspiron N3510 Celeron N4020,10999000,10999000,"15.6""",Celeron,4 GB,SSD 128 GB,Intel UHD Graphics 600,1.65,5,"['1', '0', '0', '0', '0']",1,132
90NX03A1-M06750,ASUS Flip BR1100FKA-BP0531T/N4500,9999000,9999000,"11.6""",Celeron,4 GB,eMMC 128GB,Intel UHD Graphics,1.35,5,"['2', '0', '0', '0', '0']",2,171
