url,P/N,Rating,Rating_count,Comment_count,Brand,Series,Price,cpu_brand,cpu_code,ram_size,ram_upgradable,GPU,Battery,storage_size,storage_type,storage_extra_slot,displ_size,displ_resolution,displ_rate,screen_technology,Weight,length,width,thickness,OS,Surface,Release_year,backlit_keyboard,hdmi,headphone_jack,lan,type_c,usb_a,sd_card
https://www.thegioididong.com/laptop/msi-gf66-11uc-i7-224vn?src=osp#top-tskt,224vn,3.0,5,70,msi,katana gaming gf66 11uc 224vn,29990000.0,intel,11800h,8.0,yes,nvidia geforce rtx3050,53.0,512,ssd,no,15.6,1920 x 1080,144,ips,2.1,359.0,259.0,24.9,windows 10,plastic,2021.0,yes,yes,yes,yes,yes,yes,no
https://www.thegioididong.com/laptop/msi-gaming-pulse-gl66-11udk-i7-816vn?src=osp#top-tskt,816vn,0.0,0,13,msi,gaming pulse gl66 11udk 816vn,33990000.0,intel,11800h,16.0,yes,nvidia geforce rtx3050ti,53.5,512,ssd,no,15.6,1920 x 1080,144,ips,2.25,359.0,259.0,23.95,windows 10,metal,2021.0,yes,yes,no,yes,yes,yes,no
https://www.thegioididong.com/laptop/acer-nitro-gaming-an515-57-727j-i7-nhqd9sv005?src=osp#top-tskt,nh.qd9sv.005,3.6,13,220,acer,nitro 5 gaming an515 57 727j nh.qd9sv.005,29990000.0,intel,11800h,8.0,yes,nvidia geforce rtx3050ti,57.0,512,ssd,yes,15.6,1920 x 1080,144,ips,2.2,363.4,255.0,23.9,windows 10,plastic,2021.0,yes,yes,yes,yes,yes,yes,no
https://www.thegioididong.com/laptop/acer-nitro-5-gaming-an515-57-5831-i5-nhqdgsv003?src=osp#top-tskt,nh.qdgsv.003,0.0,0,119,acer,nitro 5 gaming an515 57 5831 nh.qdgsv.003,32990000.0,intel,11400h,8.0,yes,nvidia geforce rtx 3060,57.5,512,ssd,yes,15.6,1920 x 1080,144,ips,2.2,363.4,255.0,23.9,windows 10,plastic,2021.0,yes,yes,yes,yes,yes,yes,no
https://www.thegioididong.com/laptop/acer-aspire-7-gaming-a715-42g-r6zr-r5-nhqaysv003?src=osp#top-tskt,nh.qaysv.003,4.8,23,375,acer,aspire 7 gaming a715 42g r6zr nh.qaysv.003,22490000.0,amd,5500u,8.0,yes,nvidia geforce gtx 1650 4 gb,48.0,512,ssd,no,15.6,1920 x 1080,144,ips,2.1,363.4,254.5,22.9,windows 10,plastic,2021.0,yes,yes,yes,yes,yes,yes,no
https://www.thegioididong.com/laptop/acer-nitro-5-gaming-an515-57-720a-i7-nhqeqsv004?src=osp#top-tskt,nh.qeqsv.004,0.0,0,4,acer,nitro 5 gaming an515 57 720a nh.qeqsv.004,30490000.0,intel,11800h,8.0,yes,nvidia geforce rtx3050ti,57.5,512,ssd,yes,15.6,1920 x 1080,144,ips,2.2,363.4,255.0,23.9,windows 11,plastic,2021.0,yes,yes,yes,yes,yes,yes,no
https://www.thegioididong.com/laptop/gigabyte-gaming-g5-i5-kc5s11130sb?src=osp#top-tskt,kc-5s11130sb,0.0,0,6,gigabyte,gaming g5 kc-5s11130sb,29990000.0,intel,10500h,16.0,yes,nvidia geforce rtx 3060,41.0,512,ssd,yes,15.6,1920 x 1080,144,ips,2.2,361.0,258.0,24.9,windows 11,plastic,2021.0,yes,yes,yes,yes,yes,yes,yes
https://www.thegioididong.com/laptop/acer-nitro-5-gaming-an515-57-71vv-i7-nhqensv005?src=osp#top-tskt,nh.qensv.005,0.0,0,5,acer,nitro 5 gaming an515 57 71vv nh.qensv.005,28990000.0,intel,11800h,8.0,yes,nvidia geforce rtx3050,57.0,512,ssd,yes,15.6,1920 x 1080,144,ips,2.2,363.4,255.0,23.9,windows 10,plastic,2021.0,yes,yes,yes,yes,yes,yes,no
https://www.thegioididong.com/laptop/msi-katana-gf76-11uc-i7-441vn?src=osp#top-tskt,441vn,0.0,0,15,msi,katana gf76 11uc 441vn,29990000.0,intel,11800h,8.0,yes,nvidia geforce rtx3050,53.0,512,ssd,no,17.3,1920 x 1080,144,ips,2.6,398.0,273.0,25.2,windows 10,plastic,2021.0,yes,yes,yes,yes,yes,yes,no
https://www.thegioididong.com/laptop/msi-gaming-stealth-15m-a11uek-i7-254vn?src=osp#top-tskt,254vn,0.0,0,2,msi,gaming stealth 15m a11uek 254vn,41990000.0,intel,11375h,16.0,yes,nvidia geforce rtx 3060 max-q,52.0,512,ssd,no,15.6,1920 x 1080,144,ips,1.7,358.3,248.0,16.15,windows 10,metal,2021.0,yes,yes,yes,no,yes,yes,yes
https://www.thegioididong.com/laptop/gigabyte-gaming-g5-i5-md51s1123sh?src=osp#top-tskt,51s1123sh,5.0,1,14,gigabyte,gaming g5 51s1123sh,29990000.0,intel,11400h,16.0,yes,nvidia geforce rtx3050ti,41.0,512,ssd,yes,15.6,1920 x 1080,144,ips,2.2,361.0,258.0,24.9,windows 10,plastic,2021.0,yes,yes,yes,yes,yes,yes,yes
https://www.thegioididong.com/laptop/asus-tuf-gaming-fx506hcb-i5-hn1138w?src=osp#top-tskt,hn1138w,0.0,0,28,asus,tuf gaming fx506hcb hn1138w,25990000.0,intel,11400h,8.0,yes,nvidia geforce rtx3050,48.0,512,ssd,yes,15.6,1920 x 1080,144,ips,2.3,359.0,256.0,24.9,windows 11,"metal, plastic",2021.0,yes,yes,yes,yes,yes,yes,no
https://www.thegioididong.com/laptop/asus-tuf-gaming-fx516pm-i7-hn002t?src=osp#top-tskt,hn002t,1.0,1,28,asus,tuf gaming fx516pm hn002t,32990000.0,intel,11370h,8.0,yes,nvidia geforce rtx 3060,76.0,512,ssd,yes,15.6,1920 x 1080,144,ips,2.0,360.0,252.0,19.9,windows 10,"metal, plastic",2021.0,yes,yes,yes,yes,yes,yes,no
https://www.thegioididong.com/laptop/dell-gaming-g15-5515-r5-p105f004cgr?src=osp#top-tskt,p105f004cgr,0.0,0,41,dell,gaming g15 5515 p105f004cgr,24990000.0,amd,5600h,8.0,yes,nvidia geforce rtx3050,56.0,256,ssd,no,15.6,1920 x 1080,120,va,2.8,357.26,272.11,26.9,windows 11,plastic,2021.0,yes,yes,yes,yes,yes,yes,no
https://www.thegioididong.com/laptop/dell-g3-15-i7-p89f002bwh?src=osp#top-tskt,p89f002bwh,2.3,9,154,dell,gaming g3 15 p89f002bwh,31990000.0,intel,10750h,16.0,yes,nvidia geforce gtx 1660ti,68.0,512,ssd,yes,15.6,1920 x 1080,120,va,2.58,364.46,254.0,30.96,windows 10,plastic,2020.0,yes,yes,yes,yes,no,yes,yes
https://www.thegioididong.com/laptop/asus-tuf-gaming-fx516pe-i7-hn005t?src=osp#top-tskt,hn005t,5.0,5,70,asus,tuf gaming fx516pe hn005t,29990000.0,intel,11370h,8.0,yes,nvidia geforce rtx3050ti,76.0,512,ssd,yes,15.6,1920 x 1080,144,ips,2.0,360.0,252.0,19.9,windows 10,"metal, plastic",2021.0,yes,yes,yes,yes,yes,yes,no
https://www.thegioididong.com/laptop/dell-gaming-g15-5515-r5-p105f004dgr?src=osp#top-tskt,p105f004dgr,0.0,0,8,dell,gaming g15 5515 p105f004dgr,27990000.0,amd,5600h,16.0,yes,nvidia geforce rtx3050,56.0,512,ssd,yes,15.6,1920 x 1080,120,va,2.8,357.26,272.11,26.9,windows 11,plastic,2021.0,yes,yes,yes,yes,yes,yes,no
https://www.thegioididong.com/laptop/msi-gaming-ge66-raider-11uh-i7-259vn?src=osp#top-tskt,259vn,0.0,0,17,msi,gaming ge66 raider 11uh 259vn,77990000.0,intel,11800h,32.0,yes,nvidia geforce rtx 3080,99.9,2,ssd,yes,15.6,2560 x 1440,240,ips,2.38,358.0,267.0,23.4,windows 10,metal,2021.0,yes,yes,yes,yes,yes,yes,yes
https://www.thegioididong.com/laptop/acer-predator-triton-300-pt315-53-71dj-i7?src=osp#top-tskt,nh.qdssv.001,0.0,0,25,acer,predator triton 300 pt315 53 71dj nh.qdssv.001,50990000.0,intel,11800h,16.0,yes,nvidia geforce rtx 3070,59.0,512,ssd,yes,15.6,2560 x 1440,165,ips,2.0,353.0,255.0,19.9,windows 10,metal,2021.0,yes,yes,yes,yes,yes,yes,no
https://www.thegioididong.com/laptop/msi-gaming-gs66-stealth-11ug-i7-219vn?src=osp#top-tskt,219vn,0.0,0,20,msi,gaming gs66 stealth 11ug 219vn,64990000.0,intel,11800h,32.0,yes,nvidia geforce rtx 3070 max-q,99.9,2,ssd,yes,15.6,1920 x 1080,360,ips,2.1,358.3,248.0,19.8,windows 10,metal,2021.0,yes,yes,yes,yes,yes,yes,no
https://www.thegioididong.com/laptop/msi-gaming-ge66-raider-11ug-i7-258vn?src=osp#top-tskt,258vn,0.0,0,15,msi,gaming ge66 raider 11ug 258vn,59990000.0,intel,11800h,16.0,yes,nvidia geforce rtx 3070,99.9,2,ssd,yes,15.6,1920 x 1080,360,ips,2.38,358.0,267.0,23.4,windows 10,metal,2021.0,yes,yes,yes,yes,yes,yes,yes
https://www.thegioididong.com/laptop/dell-xps-13-9310-i7-jgnh62?src=osp#top-tskt,jgnh62,0.0,0,17,dell,xps 13 9310 jgnh62,59990000.0,intel,1165g7,16.0,no,intel iris xe graphics,,512,ssd,no,13.4,3840 x 2400,60,,1.27,297.0,207.0,14.35,windows 10,metal,2020.0,yes,no,yes,no,yes,no,yes
https://www.thegioididong.com/laptop/hp-omen-15-ek0078tx-i7-26y68pa?src=osp#top-tskt,26y68pa,0.0,0,53,hp,omen 15 ek0078tx 26y68pa,56990000.0,intel,10750h,16.0,yes,nvidia geforce rtx2070 with max-q design,70.9,1,ssd,yes,15.6,1920 x 1080,300,ips,2.36,357.9,239.7,22.5,windows 10,carbon,2020.0,yes,yes,yes,yes,no,yes,yes
https://www.thegioididong.com/laptop/lg-gram-17-i7-17z90pgah78a5?src=osp#top-tskt,17z90p-g.ah78a5,0.0,0,7,lg,gram 17 2021 17z90p-g.ah78a5,54890000.0,intel,1165g7,16.0,no,intel iris xe graphics,80.0,1,ssd,yes,17.0,2560 x 1600,60,ips,1.35,380.2,260.1,17.8,windows 10,"carbon, magnesium",2021.0,yes,yes,yes,no,yes,yes,yes
https://www.thegioididong.com/laptop/msi-gp76-11ug-i7-435vn?src=osp#top-tskt,435vn,0.0,0,45,msi,gaming leopard gp76 11ug 435vn,52990000.0,intel,11800h,16.0,yes,nvidia geforce rtx 3070,65.0,1,ssd,yes,17.3,1920 x 1080,240,ips,2.9,397.0,284.0,25.9,windows 10,metal,2021.0,yes,yes,yes,yes,no,yes,yes
https://www.thegioididong.com/laptop/msi-gaming-leopard-gp76-11ug-i7-823vn?src=osp#top-tskt,823vn,0.0,0,0,msi,gaming leopard gp76 11ug 823vn,52990000.0,intel,11800h,16.0,yes,nvidia geforce rtx 3070,65.0,1,ssd,yes,17.3,1920 x 1080,300,ips,2.9,397.0,284.0,25.9,windows 10,metal,2021.0,yes,yes,yes,yes,no,yes,yes
https://www.thegioididong.com/laptop/lg-gram-17-i7-17z90pgah76a5?src=osp#top-tskt,17z90p-g.ah76a5,0.0,0,0,lg,gram 17 2021 17z90p-g.ah76a5,52890000.0,intel,1165g7,16.0,no,intel iris xe graphics,80.0,512,ssd,yes,17.0,2560 x 1600,60,ips,1.35,380.2,260.1,17.8,windows 10,"carbon, magnesium",2021.0,yes,yes,yes,no,yes,yes,yes
https://www.thegioididong.com/laptop/lg-gram-16-i7-16z90pgah75a5?src=osp#top-tskt,16z90p-g.ah75a5,0.0,0,7,lg,gram 16 2021 16z90p-g.ah75a5,50890000.0,intel,1165g7,16.0,no,intel iris xe graphics,80.0,512,ssd,yes,16.0,2560 x 1600,60,ips,1.19,355.9,243.4,16.8,windows 10,"carbon, magnesium",2021.0,yes,yes,yes,no,yes,yes,yes
https://www.thegioididong.com/laptop/apple-macbook-pro-m1-2020-z11c000cj?src=osp#top-tskt,z11c000cj,0.0,0,69,apple,macbook pro m1 2020,52990000.0,apple,m1,16.0,no,8 nhân gpu,,1,ssd,no,13.3,2560 x 1600,60,ips,1.4,304.1,212.4,15.6,mac os,metal,2020.0,yes,no,yes,no,yes,no,no
https://www.thegioididong.com/laptop/lenovo-yoga-9-14itl5-i7-82bg006evn?src=osp#top-tskt,82bg006evn,2.0,1,30,lenovo,yoga 9 14itl5 82bg006evn,46990000.0,intel,1185g7,16.0,no,intel iris xe graphics,60.0,1,ssd,no,14.0,3840 x 2160,60,ips,1.37,319.4,216.4,15.7,windows 10,metal,2021.0,yes,no,yes,no,yes,yes,no
https://www.thegioididong.com/laptop/lg-gram-16-i7-16z90pgah73a5?src=osp#top-tskt,16z90p-g.ah73a5,0.0,0,3,lg,gram 16 2021 16z90p-g.ah73a5,48890000.0,intel,1165g7,16.0,no,intel iris xe graphics,80.0,256,ssd,yes,16.0,2560 x 1600,60,ips,1.19,355.9,243.4,16.8,windows 10,"carbon, magnesium",2021.0,yes,yes,yes,no,yes,yes,yes
https://www.thegioididong.com/laptop/lg-gram-14-i7-14z90pgah75a5?src=osp#top-tskt,14z90p-g.ah75a5,0.0,0,6,lg,gram 14 2021 14z90p-g.ah75a5,47890000.0,intel,1165g7,16.0,no,intel iris xe graphics,72.0,512,ssd,yes,14.0,1920 x 1200,60,ips,0.999,313.4,215.2,16.8,windows 10,"carbon, magnesium",2021.0,yes,yes,yes,no,yes,yes,yes
https://www.thegioididong.com/laptop/msi-summit-e16-flip-i7-082vn?src=osp#top-tskt,082vn,0.0,0,17,msi,summit e16 flip 082vn,46990000.0,intel,1195g7,16.0,no,nvidia geforce rtx3050,82.0,1,ssd,no,16.0,2560 x 1600,120,ips,1.9,358.2,258.5,16.9,windows 10,metal,2021.0,yes,yes,yes,no,yes,yes,yes
https://www.thegioididong.com/laptop/asus-rog-zephyrus-gaming-g14-ga401qec-r9-k2064t?src=osp#top-tskt,k2064t,0.0,0,34,asus,rog zephyrus g14 alan walker ga401qec k2064t,49990000.0,amd,5900hs,16.0,yes,nvidia geforce rtx3050ti,76.0,1,ssd,no,14.0,2560 x 1440,120,ips,1.7,324.0,220.0,19.9,windows 10,"metal, plastic",2021.0,yes,yes,yes,no,yes,yes,no
https://www.thegioididong.com/laptop/asus-zenbook-ux371ea-i7-hl725ws?src=osp#top-tskt,hl725ws,0.0,0,0,asus,zenbook ux371ea hl725ws,41990000.0,intel,1165g7,16.0,no,intel iris xe graphics,67.0,1,ssd,no,13.3,3840 x 2160,60,oled,1.2,305.0,211.0,13.9,windows 11,metal,2021.0,yes,yes,no,no,yes,yes,no
https://www.thegioididong.com/laptop/acer-predator-triton-300-pt315-53-75lq-i7?src=osp#top-tskt,nh.qdqsv.001,5.0,1,32,acer,predator triton 300 pt315 53 75lq nh.qdqsv.001,44990000.0,intel,11800h,16.0,yes,nvidia geforce rtx 3060,59.0,512,ssd,yes,15.6,2560 x 1440,165,ips,2.0,353.0,255.0,19.9,windows 10,metal,2021.0,yes,yes,yes,yes,yes,yes,no
https://www.thegioididong.com/laptop/hp-zbook-firefly-14-g8-i7-275w0av?src=osp#top-tskt,275w0av,0.0,0,0,hp,zbook firefly 14 g8 275w0av,41590000.0,intel,1165g7,16.0,yes,nvidia quadrot500,53.0,1,ssd,no,14.0,1920 x 1080,60,ips,1.35,323.0,214.6,17.9,windows 10,metal,2021.0,yes,yes,yes,no,yes,yes,no
https://www.thegioididong.com/laptop/hp-elitebook-x360-830-g8-i7-3g1a4pa?src=osp#top-tskt,3g1a4pa,0.0,0,50,hp,elitebook x360 830 g8 3g1a4pa,41290000.0,intel,1165g7,16.0,no,intel iris xe graphics,53.0,512,ssd,no,13.3,1920 x 1080,60,ips,1.476,307.6,205.0,17.8,windows 10,metal,2021.0,yes,yes,yes,no,yes,yes,no
https://www.thegioididong.com/laptop/apple-macbook-pro-2020-z11c?src=osp#top-tskt,z11c,4.7,18,244,apple,macbook pro m1 2020,44990000.0,apple,m1,16.0,no,8 nhân gpu,,512,ssd,no,13.3,2560 x 1600,60,ips,1.4,304.1,212.4,15.6,mac os,metal,2020.0,yes,no,yes,no,yes,no,no
https://www.thegioididong.com/laptop/asus-zenbook-ux371ea-i7-hl494ts?src=osp#top-tskt,hl494ts,0.0,0,9,asus,zenbook ux371ea hl494ts,41990000.0,intel,1165g7,16.0,no,intel iris xe graphics,67.0,1,ssd,no,13.3,3840 x 2160,60,ips,1.2,305.0,211.0,13.9,windows 10,metal,2021.0,yes,yes,no,no,yes,yes,no
https://www.thegioididong.com/laptop/msi-summit-e13-flip-i7-211vn?src=osp#top-tskt,211vn,0.0,0,28,msi,summit e13 flip 211vn,39990000.0,intel,1185g7,16.0,no,intel iris xe graphics,70.0,1,ssd,no,13.4,1920 x 1200,60,ips,1.35,300.2,222.25,14.9,windows 10,metal,2021.0,yes,no,yes,no,yes,yes,yes
https://www.thegioididong.com/laptop/asus-zenbook-ux482ea-i7-ka111t?src=osp#top-tskt,ka111t,0.0,0,27,asus,zenbook duo ux482ea ka111t,39990000.0,intel,1165g7,16.0,no,intel iris xe graphics,70.0,1,ssd,no,14.0,1920 x 1080,60,ips,1.62,324.0,222.0,17.3,windows 10,metal,2021.0,yes,yes,yes,no,yes,yes,yes
https://www.thegioididong.com/laptop/asus-zenbook-duo-ux482ea-i7-ka268t?src=osp#top-tskt,ka268t,0.0,0,8,asus,zenbook duo ux482ea ka268t,39990000.0,intel,1165g7,16.0,no,intel iris xe graphics,70.0,1,ssd,no,14.0,1920 x 1080,60,ips,1.62,324.0,222.0,17.3,windows 10,metal,2021.0,yes,yes,yes,no,yes,yes,yes
https://www.thegioididong.com/laptop/acer-predator-helios-ph315-54-75yd-i7-nhqc2sv002?src=osp#top-tskt,nh.qc2sv.002,5.0,1,108,acer,predator helios ph315 54 75yd nh.qc2sv.002,39990000.0,intel,11800h,16.0,yes,nvidia geforce rtx 3060,59.0,512,ssd,yes,15.6,2560 x 1440,165,ips,2.3,363.0,255.0,22.9,windows 10,"metal, plastic",2021.0,yes,yes,yes,yes,yes,yes,no
https://www.thegioididong.com/laptop/apple-macbook-pro-m1-2020-z11b000ct?src=osp#top-tskt,z11d000e5,5.0,1,78,apple,macbook pro m1 2020,39990000.0,apple,m1,16.0,no,8 nhân gpu,,256,ssd,no,13.3,2560 x 1600,60,ips,1.4,304.1,212.4,15.6,mac os,metal,2020.0,yes,no,yes,no,yes,no,no
https://www.thegioididong.com/laptop/apple-macbook-pro-2020-myd92saa?src=osp#top-tskt,myd92sa/a,0.0,0,148,apple,macbook pro m1 2020,39990000.0,apple,m1,8.0,no,8 nhân gpu,,512,ssd,no,13.3,2560 x 1600,60,ips,1.4,304.1,212.4,15.6,mac os,metal,2020.0,yes,no,yes,no,yes,no,no
https://www.thegioididong.com/laptop/apple-macbook-air-m1-2020-z12a00050?src=osp#top-tskt,z12a00050,0.0,0,73,apple,macbook air m1 2020,39490000.0,apple,m1,16.0,no,7 nhân gpu,,512,ssd,no,13.3,2560 x 1600,60,ips,1.29,304.1,212.4,4.1,mac os,metal,2020.0,yes,no,yes,no,yes,no,no
https://www.thegioididong.com/laptop/hp-envy-13-ba1031tu-i7-2k0b7pa?src=osp#top-tskt,2k0b7pa,0.0,0,57,hp,envy 13 ba1031tu 2k0b7pa,33690000.0,intel,1165g7,16.0,no,intel iris xe graphics,51.0,1,ssd,no,13.3,1920 x 1080,60,ips,1.236,306.5,194.6,16.9,windows 10,metal,2020.0,yes,no,yes,no,no,yes,yes
https://www.thegioididong.com/laptop/dell-gaming-g15-5515-r7-70258051?src=osp#top-tskt,70258051,0.0,0,45,dell,gaming g15 5515 70258051,33390000.0,amd,5800h,16.0,yes,nvidia geforce rtx3050ti,56.0,512,ssd,no,15.6,1920 x 1080,120,va,2.81,357.2,272.1,26.9,windows 10,plastic,2021.0,yes,yes,yes,yes,yes,yes,no
https://www.thegioididong.com/laptop/msi-prestige-15-a11sc-i7-052vn?src=osp#top-tskt,052vn,0.0,0,0,msi,prestige 15 a11sc 052vn,34990000.0,intel,1185g7,16.0,yes,nvidia geforce gtx1650 max-q,82.0,512,ssd,yes,15.6,1920 x 1080,60,ips,1.69,356.8,233.7,16.9,windows 10,metal,2021.0,yes,yes,yes,no,yes,yes,yes
https://www.thegioididong.com/laptop/lenovo-yoga-slim-7-carbon-13itl5-i7-82ev0017vn?src=osp#top-tskt,82ev0017vn,3.0,6,81,lenovo,yoga slim 7 carbon 13itl5 82ev0017vn,32740000.0,intel,1165g7,16.0,no,intel iris xe graphics,50.0,1,ssd,no,13.3,2560 x 1600,60,ips,0.966,295.88,208.85,15.0,windows 10,"aluminum, carbon, magnesium",2020.0,yes,no,yes,no,yes,no,no
https://www.thegioididong.com/laptop/acer-predator-helios-ph315-54-78w5-i7-nhqc5sv001?src=osp#top-tskt,nh.qc5sv.001,2.0,1,181,acer,predator helios ph315 54 78w5 nh.qc5sv.001,33990000.0,intel,11800h,8.0,yes,nvidia geforce rtx3050ti,57.0,512,ssd,yes,15.6,1920 x 1080,144,ips,2.3,363.0,255.0,22.9,windows 10,"metal, plastic",2021.0,yes,yes,yes,yes,yes,yes,no
https://www.thegioididong.com/laptop/dell-gaming-g3500b-i7-p89f002g3500b?src=osp#top-tskt,p89f002g3500b,0.0,0,35,dell,gaming g3 p89f002g3500b,31990000.0,intel,10750h,16.0,yes,nvidia geforce gtx 1660ti,68.0,512,ssd,yes,15.6,1920 x 1080,120,va,2.58,364.46,254.0,30.96,windows 10,plastic,2020.0,yes,yes,yes,yes,no,yes,yes
https://www.thegioididong.com/laptop/asus-zenbook-flip-ux363ea-i7-hp163t?src=osp#top-tskt,hp163t,0.0,0,48,asus,zenbook flip ux363ea hp163t,33990000.0,intel,1165g7,16.0,no,intel iris xe graphics,67.0,512,ssd,no,13.3,1920 x 1080,60,oled,1.3,305.0,211.0,11.9,windows 10,metal,2021.0,yes,yes,no,no,yes,yes,no
https://www.thegioididong.com/laptop/msi-gf65-10ue-i7-228vn?src=osp#top-tskt,228vn,4.5,4,84,msi,gaming gf65 10ue 228vn,32490000.0,intel,10750h,16.0,yes,nvidia geforce rtx 3060 max-q,51.0,512,ssd,yes,15.6,1920 x 1080,144,ips,1.86,359.0,254.0,21.7,windows 10,"metal, plastic",2021.0,yes,yes,yes,yes,yes,yes,no
https://www.thegioididong.com/laptop/asus-tuf-gaming-fx516pm-i7-hn023t?src=osp#top-tskt,hn023t,0.0,0,294,asus,tuf gaming fx516pm hn023t,32990000.0,intel,11370h,16.0,yes,nvidia geforce rtx 3060,76.0,512,ssd,yes,15.6,1920 x 1080,144,ips,2.0,360.0,252.0,19.9,windows 10,"metal, plastic",2021.0,yes,yes,yes,yes,yes,yes,no
https://www.thegioididong.com/laptop/asus-tuf-gaming-fx706he-i7-hx011t?src=osp#top-tskt,hx011t,5.0,6,65,asus,tuf gaming fx706he hx011t,31990000.0,intel,11800h,8.0,yes,nvidia geforce rtx3050ti,48.0,512,ssd,yes,17.3,1920 x 1080,144,ips,2.6,399.0,269.0,23.9,windows 10,"metal, plastic",2021.0,yes,yes,yes,yes,yes,yes,no
https://www.thegioididong.com/laptop/dell-gaming-g15-5515-r7-70258049?src=osp#top-tskt,70258049,0.0,0,26,dell,gaming g15 5515 70258049,30990000.0,amd,5800h,8.0,yes,nvidia geforce rtx3050,56.0,512,ssd,no,15.6,1920 x 1080,120,va,2.81,357.2,272.1,26.9,windows 10,plastic,2021.0,yes,yes,yes,yes,yes,yes,no
https://www.thegioididong.com/laptop/asus-zenbook-ux482ea-i5-ka274t?src=osp#top-tskt,ka274t,0.0,0,1,asus,zenbook duo ux482ea ka274t,32990000.0,intel,1135g7,8.0,no,intel iris xe graphics,70.0,512,ssd,no,14.0,1920 x 1080,60,ips,1.62,324.0,222.0,17.3,windows 10,metal,2021.0,yes,yes,yes,no,yes,yes,yes
https://www.thegioididong.com/laptop/apple-macbook-air-m1-2020-z124000de?src=osp#top-tskt,z124000de,4.0,4,137,apple,macbook air m1 2020,33990000.0,apple,m1,16.0,no,7 nhân gpu,,256,ssd,no,13.3,2560 x 1600,60,ips,1.29,304.1,212.4,4.1,mac os,metal,2020.0,yes,no,yes,no,yes,no,no
https://www.thegioididong.com/laptop/dell-inspiron-7501-i5-n5i5012w?src=osp#top-tskt,n5i5012w,2.0,2,90,dell,inspiron 7501 n5i5012w,30490000.0,intel,10300h,8.0,yes,nvidia geforce gtx 1650ti 4 gb,56.0,512,ssd,yes,15.6,1920 x 1080,60,va,1.9,356.1,234.5,18.9,windows 10,metal,2020.0,yes,yes,yes,no,yes,yes,yes
https://www.thegioididong.com/laptop/hp-envy-13-ba1030tu-i7-2k0b6pa?src=osp#top-tskt,2k0b6pa,0.0,0,227,hp,envy 13 ba1030tu 2k0b6pa,30390000.0,intel,1165g7,8.0,no,intel iris xe graphics,,512,ssd,no,13.3,1920 x 1080,60,ips,1.236,306.5,194.6,16.9,windows 10,metal,2020.0,yes,no,yes,no,yes,yes,yes
https://www.thegioididong.com/laptop/asus-vivobook-pro-15-oled-k3500pc-i7-l1046t?src=osp#top-tskt,l1046t,0.0,0,58,asus,vivobook pro 15 oled k3500pc l1046t,31990000.0,intel,11370h,16.0,no,nvidia geforce rtx3050,63.0,512,ssd,no,15.6,1920 x 1080,60,oled,1.65,359.8,235.3,19.9,windows 10,metal,2021.0,yes,yes,yes,no,yes,yes,yes
https://www.thegioididong.com/laptop/hp-envy-13-ba1535tu-i7-4u6m4pa?src=osp#top-tskt,4u6m4pa,0.0,0,13,hp,envy 13 ba1535tu 4u6m4pa,29590000.0,intel,1165g7,8.0,no,intel iris xe graphics,51.0,512,ssd,no,13.3,1920 x 1080,60,ips,1.236,306.5,194.6,16.9,windows 11,metal,2021.0,yes,no,yes,no,yes,yes,yes
https://www.thegioididong.com/laptop/dell-latitude-3520-i7-70261780?src=osp#top-tskt,70261780,0.0,0,11,dell,latitude 3520 70261780,30990000.0,intel,1165g7,8.0,yes,intel iris xe graphics,41.0,512,ssd,yes,15.6,1920 x 1080,60,va,1.79,361.0,240.9,18.0,windows 10,plastic,2021.0,yes,yes,yes,yes,yes,yes,yes
https://www.thegioididong.com/laptop/asus-tuf-gaming-fx706hc-i7-hx009t?src=osp#top-tskt,hx009t,0.0,0,34,asus,tuf gaming fx706hc hx009t,29990000.0,intel,11800h,8.0,yes,nvidia geforce rtx3050,48.0,512,ssd,yes,17.3,1920 x 1080,144,ips,2.6,399.0,269.0,23.9,windows 10,"metal, plastic",2021.0,yes,yes,yes,yes,yes,yes,no
https://www.thegioididong.com/laptop/dell-inspiron-7400-i5-n4i5134w?src=osp#top-tskt,n4i5134w,4.0,7,137,dell,inspiron 7400 n4i5134w,30490000.0,intel,1135g7,16.0,no,nvidia geforce mx350,52.0,512,ssd,no,14.0,2560 x 1600,60,ips,1.35,321.7,224.5,16.75,windows 10,"metal, plastic",2020.0,yes,yes,yes,no,yes,yes,yes
https://www.thegioididong.com/laptop/asus-zenbook-ux425ea-i7-ki439t?src=osp#top-tskt,ki439t,5.0,2,200,asus,zenbook ux425ea ki439t,30690000.0,intel,1165g7,16.0,no,intel iris xe graphics,67.0,512,ssd,no,14.0,1920 x 1080,60,ips,1.17,319.0,208.0,13.9,windows 10,metal,2020.0,yes,yes,no,no,yes,yes,yes
https://www.thegioididong.com/laptop/msi-gaming-gf65-thin-10ue-i5-286vn?src=osp#top-tskt,286vn,5.0,2,39,msi,gaming gf65 thin 10ue 286vn,29490000.0,intel,10500h,16.0,yes,nvidia geforce rtx 3060 max-q,51.0,512,ssd,yes,15.6,1920 x 1080,144,ips,1.86,359.0,254.0,21.7,windows 10,metal,2021.0,yes,yes,yes,yes,yes,yes,no
https://www.thegioididong.com/laptop/dell-gaming-g3-15-i7-p89f002dbl?src=osp#top-tskt,p89f002dbl,0.0,0,48,dell,gaming g3 15 p89f002dbl,29990000.0,intel,10750h,16.0,yes,nvidia geforce gtx 1650ti 4 gb,51.0,512,ssd,yes,15.6,1920 x 1080,120,va,2.58,364.46,254.0,30.96,windows 10,plastic,2020.0,yes,yes,yes,yes,yes,yes,yes
https://www.thegioididong.com/laptop/hp-pavilion-gaming-15-dk1159tx-i7-31j36pa?src=osp#top-tskt,31j36pa,5.0,1,140,hp,pavilion gaming 15 dk1159tx 31j36pa,28490000.0,intel,10750h,8.0,yes,nvidia geforce gtx 1650ti 4 gb,52.5,32,ssd,yes,15.6,1920 x 1080,60,ips,2.23,360.0,256.0,23.4,windows 10,plastic,2021.0,yes,yes,yes,yes,yes,yes,yes
https://www.thegioididong.com/laptop/lenovo-yoga-duet-7-13iml05-i7-82as007cvn?src=osp#top-tskt,82as007cvn,5.0,4,118,lenovo,yoga duet 7 13iml05 82as007cvn,27990000.0,intel,10510u,8.0,no,intel uhd graphics,42.0,512,ssd,no,13.0,2160 x 1350,60,ips,1.1683,297.4,207.4,9.19,windows 10,metal,2020.0,yes,no,yes,no,yes,no,yes
https://www.thegioididong.com/laptop/acer-nitro-5-gaming-an515-57-74nu-i7-nhqd9sv001?src=osp#top-tskt,nh.qd9sv.001,0.0,0,264,acer,nitro 5 gaming an515 57 74nu nh.qd9sv.001,29990000.0,intel,11800h,8.0,yes,nvidia geforce rtx3050ti,57.0,512,ssd,yes,15.6,1920 x 1080,144,ips,2.2,363.4,255.0,23.9,windows 10,plastic,2021.0,yes,yes,yes,yes,yes,yes,no
https://www.thegioididong.com/laptop/asus-rog-zephyrus-g14-ga401qh-r7-hz035t?src=osp#top-tskt,hz035t,3.7,15,354,asus,rog zephyrus gaming g14 ga401qh hz035t,28990000.0,amd,5800hs,8.0,yes,nvidia geforce gtx 1650 4 gb,76.0,512,ssd,no,14.0,1920 x 1080,144,ips,1.6,324.0,220.0,17.9,windows 10,"metal, plastic",2021.0,yes,yes,yes,no,yes,yes,no
https://www.thegioididong.com/laptop/asus-tuf-gaming-fx516pc-i7-hn001t?src=osp#top-tskt,hn001t,0.0,0,29,asus,tuf gaming fx516pc hn001t,28990000.0,intel,11370h,8.0,yes,nvidia geforce rtx3050,76.0,512,ssd,yes,15.6,1920 x 1080,144,ips,2.0,360.0,252.0,19.9,windows 10,"metal, plastic",2021.0,yes,yes,yes,yes,yes,yes,no
https://www.thegioididong.com/laptop/gigabyte-gaming-g5-i5-5s11130sh?src=osp#top-tskt,5s11130sh,0.0,0,30,gigabyte,gaming g5 5s11130sh,29990000.0,intel,10500h,16.0,yes,nvidia geforce rtx 3060,41.0,512,ssd,yes,15.6,1920 x 1080,144,ips,2.2,361.0,258.0,24.9,windows 10,plastic,2021.0,yes,yes,yes,yes,yes,yes,yes
https://www.thegioididong.com/laptop/asus-tuf-gaming-fx506hcb-i7-hn141t?src=osp#top-tskt,hn141t,0.0,0,150,asus,tuf gaming fx506hcb hn141t,28490000.0,intel,11800h,8.0,yes,nvidia geforce rtx3050,48.0,512,ssd,yes,15.6,1920 x 1080,144,ips,2.3,359.0,256.0,24.9,windows 10,"metal, plastic",2021.0,yes,yes,yes,yes,yes,yes,no
https://www.thegioididong.com/laptop/acer-nitro-5-an515-57-54af-i5-nhqensv004?src=osp#top-tskt,nh.qensv.004,4.7,3,73,acer,nitro 5 gaming an515 57 54af nh.qensv.004,28990000.0,intel,11400h,16.0,yes,nvidia geforce rtx3050,57.5,512,ssd,yes,15.6,1920 x 1080,144,ips,2.2,363.4,255.0,23.9,windows 11,plastic,2021.0,yes,yes,yes,yes,yes,yes,no
https://www.thegioididong.com/laptop/lenovo-yoga-slim-7-carbon-13itl5-i5-82ev0016vn?src=osp#top-tskt,82ev0016vn,2.3,7,77,lenovo,yoga slim 7 carbon 13itl5 82ev0016vn,27140000.0,intel,1135g7,16.0,no,intel iris xe graphics,50.0,512,ssd,no,13.3,2560 x 1600,60,ips,0.966,295.88,208.85,15.0,windows 10,"aluminum, carbon, magnesium",2020.0,yes,no,yes,no,yes,no,no
https://www.thegioididong.com/laptop/lenovo-yoga-duet-7-13itl6-i5-82ma000pvn?src=osp#top-tskt,82ma000pvn,0.0,0,10,lenovo,yoga duet 7 13itl6 82ma000pvn,28990000.0,intel,1135g7,8.0,no,intel iris xe graphics,41.0,512,ssd,no,13.0,2160 x 1350,60,ips,1.1683,297.4,207.4,9.19,windows 10,metal,2021.0,yes,no,yes,no,yes,no,yes
https://www.thegioididong.com/laptop/lenovo-yoga-7-14itl5-i7-82bh00ckvn?src=osp#top-tskt,82bh00ckvn,0.0,0,96,lenovo,yoga 7 14itl5 82bh00ckvn,28990000.0,intel,1165g7,8.0,no,intel iris xe graphics,71.0,512,ssd,no,14.0,1920 x 1080,60,ips,1.43,320.4,214.6,17.7,windows 10,metal,2020.0,yes,no,yes,no,yes,yes,no
https://www.thegioididong.com/laptop/asus-vivobook-pro-15-oled-k3500pc-i5-l1045t?src=osp#top-tskt,l1045t,5.0,4,45,asus,vivobook pro 15 oled k3500pc l1045t,28590000.0,intel,11300h,16.0,no,nvidia geforce rtx3050,63.0,512,ssd,no,15.6,1920 x 1080,60,oled,1.65,359.8,235.3,19.9,windows 10,metal,2021.0,yes,yes,yes,no,yes,yes,yes
https://www.thegioididong.com/laptop/lenovo-thinkbook-14s-yoga-itl-i7-20we004evn?src=osp#top-tskt,20we004evn,0.0,0,48,lenovo,thinkbook 14s yoga itl 20we004evn,27890000.0,intel,1165g7,8.0,yes,intel iris xe graphics,60.0,512,ssd,yes,14.0,1920 x 1080,60,ips,1.5,320.0,216.0,16.9,windows 10,metal,2021.0,yes,yes,yes,no,yes,yes,yes
https://www.thegioididong.com/laptop/acer-swift-sf5-i7-8565u-8gb-256gb-win10?src=osp#top-tskt,nx.h7hsv.002,0.0,0,107,acer,swift 5 sf514 53t 720r nx.h7hsv.002,27990000.0,intel,8565u,8.0,no,intel uhd graphics 620,,256,ssd,no,14.0,1920 x 1080,60,ips,0.94,329.0,228.0,14.9,windows 10,"aluminum, magnesium",2018.0,yes,yes,yes,no,yes,yes,no
https://www.thegioididong.com/laptop/asus-zenbook-flip-ux363ea-i5-hp726w?src=osp#top-tskt,hp726w,0.0,0,7,asus,zenbook flip ux363ea hp726w,27990000.0,intel,1135g7,8.0,no,intel iris xe graphics,67.0,512,ssd,no,13.3,1920 x 1080,60,oled,1.3,305.0,211.0,11.9,windows 11,metal,2021.0,yes,yes,yes,no,yes,yes,no
https://www.thegioididong.com/laptop/lenovo-yoga-slim-7-14itl05-i7-82a300dqvn?src=osp#top-tskt,82a300dqvn,0.0,0,1,lenovo,yoga slim 7 14itl05 82a300dqvn,27990000.0,intel,1165g7,8.0,no,intel iris xe graphics,60.7,512,ssd,no,14.0,1920 x 1080,60,ips,1.36,320.6,208.18,14.9,windows 10,metal,2021.0,yes,yes,yes,no,yes,yes,yes
https://www.thegioididong.com/laptop/asus-zenbook-flip-ux363ea-i5-hp532t?src=osp#top-tskt,hp532t,0.0,0,4,asus,zenbook flip ux363ea hp532t,27990000.0,intel,1135g7,8.0,no,intel iris xe graphics,67.0,512,ssd,no,13.3,1920 x 1080,60,oled,1.3,305.0,211.0,11.9,windows 10,metal,2021.0,yes,yes,yes,no,yes,yes,no
https://www.thegioididong.com/laptop/apple-macbook-air-2020-mgn63saa?src=osp#top-tskt,mgn63sa/a,4.5,45,1214,apple,macbook air m1 2020,28990000.0,apple,m1,8.0,no,7 nhân gpu,,256,ssd,no,13.3,2560 x 1600,60,ips,1.29,304.1,212.4,4.1,mac os,metal,2020.0,yes,no,yes,no,yes,no,no
https://www.thegioididong.com/laptop/asus-tuf-gaming-fx706hc-i5-hx003t?src=osp#top-tskt,hx003t,3.5,24,190,asus,tuf gaming fx706hc hx003t,26990000.0,intel,11400h,8.0,yes,nvidia geforce rtx3050,48.0,512,ssd,yes,17.3,1920 x 1080,144,ips,2.6,399.0,269.0,23.9,windows 10,"metal, plastic",2021.0,yes,yes,yes,yes,yes,yes,no
https://www.thegioididong.com/laptop/dell-inspiron-14-5410-i5-n4i5547w?src=osp#top-tskt,n4i5547w,0.0,0,17,dell,inspiron 14 5410 n4i5547w,27290000.0,intel,1155g7,8.0,yes,nvidia geforce mx350,41.0,512,ssd,no,14.0,1920 x 1080,60,va,1.65,321.0,211.0,18.0,windows 10,"metal, plastic",2021.0,yes,yes,yes,no,yes,yes,yes
https://www.thegioididong.com/laptop/gigabyte-g5-i5-gd51s1123sh?src=osp#top-tskt,gd-51s1123sh,0.0,0,3,gigabyte,g5 gd-51s1123sh,26990000.0,intel,11400h,16.0,yes,nvidia geforce rtx3050,41.0,512,ssd,yes,15.6,1920 x 1080,144,ips,2.2,361.0,258.0,24.9,windows 10,plastic,2021.0,yes,yes,yes,yes,yes,yes,yes
https://www.thegioididong.com/laptop/acer-nitro-5-gaming-an515-57-50ft-i5-nhqd8sv003?src=osp#top-tskt,nh.qd8sv.003,3.9,25,377,acer,nitro 5 gaming an515 57 50ft nh.qd8sv.003,27490000.0,intel,11400h,16.0,yes,nvidia geforce rtx3050,57.0,512,ssd,yes,15.6,1920 x 1080,144,ips,2.2,363.4,255.0,23.9,windows 10,plastic,2021.0,yes,yes,yes,yes,yes,yes,no
https://www.thegioididong.com/laptop/asus-vivobook-pro-15-oled-m3500qc-r5-l1105t?src=osp#top-tskt,l1105t,0.0,0,2,asus,vivobook pro 15 oled m3500qc l1105t,26590000.0,amd,5600h,8.0,no,nvidia geforce rtx3050,63.0,512,ssd,no,15.6,1920 x 1080,60,oled,1.65,359.8,235.3,19.9,windows 10,"metal, plastic",2021.0,yes,yes,yes,no,yes,yes,yes
https://www.thegioididong.com/laptop/lenovo-yoga-duet-7-13iml05-i5-82as007bvn?src=osp#top-tskt,82as007bvn,3.3,11,81,lenovo,yoga duet 7 13iml05 82as007bvn,25240000.0,intel,10210u,8.0,no,intel uhd graphics,42.0,512,ssd,no,13.0,2160 x 1350,60,ips,1.1683,297.4,207.4,9.19,windows 10,metal,2020.0,yes,no,yes,no,yes,no,yes
https://www.thegioididong.com/laptop/dell-inspiron-15-3511-i7-70267062?src=osp#top-tskt,70267062,0.0,0,2,dell,inspiron 15 3511 70267062,26490000.0,intel,1165g7,8.0,yes,nvidia geforce mx350,41.0,512,ssd,yes,15.6,1920 x 1080,60,va,1.73,359.0,235.5,19.0,windows 10,plastic,2021.0,no,yes,yes,no,no,yes,yes
https://www.thegioididong.com/laptop/asus-tuf-gaming-fx506hcb-i5-hn139t?src=osp#top-tskt,hn139t,3.5,10,199,asus,tuf gaming fx506hcb hn139t,25990000.0,intel,11400h,8.0,yes,nvidia geforce rtx3050,48.0,512,ssd,yes,15.6,1920 x 1080,144,ips,2.3,359.0,256.0,24.9,windows 10,"metal, plastic",2021.0,yes,yes,yes,yes,yes,yes,no
https://www.thegioididong.com/laptop/asus-tuf-gaming-fx506hc-i5-hn002t?src=osp#top-tskt,hn002t,5.0,9,360,asus,tuf gaming fx506hc hn002t,25990000.0,intel,11400h,8.0,yes,nvidia geforce rtx3050,48.0,512,ssd,yes,15.6,1920 x 1080,144,ips,2.3,359.0,256.0,24.9,windows 10,"metal, plastic",2020.0,yes,yes,yes,yes,yes,yes,no
https://www.thegioididong.com/laptop/gigabyte-g5-i5-51s1121sh?src=osp#top-tskt,51s1121sh,0.0,0,24,gigabyte,gaming g5 51s1121sh,26990000.0,intel,11400h,16.0,yes,nvidia geforce rtx3050,41.0,512,ssd,yes,15.6,1920 x 1080,144,ips,2.2,361.0,258.0,24.9,windows 10,plastic,2021.0,yes,yes,yes,yes,yes,yes,yes
https://www.thegioididong.com/laptop/acer-nitro-5-gaming-an515-57-54mv-i5-nhqensv003?src=osp#top-tskt,nh.qensv.003,0.0,0,312,acer,nitro 5 gaming an515 57 54mv nh.qensv.003,26490000.0,intel,11400h,8.0,yes,nvidia geforce rtx3050,57.5,512,ssd,yes,15.6,1920 x 1080,144,ips,2.2,363.4,255.0,23.9,windows 11,plastic,2021.0,yes,yes,yes,yes,yes,yes,no
https://www.thegioididong.com/laptop/msi-gaming-bravo-15-b5dd-r7-278vn?src=osp#top-tskt,278vn,0.0,0,1,msi,gaming bravo 15 b5dd 278vn,25490000.0,amd,5800h,8.0,yes,amd radeon rx 5500m,52.0,512,ssd,no,15.6,1920 x 1080,60,ips,2.35,359.0,259.0,24.95,windows 11,plastic,2021.0,yes,yes,yes,yes,yes,yes,no
https://www.thegioididong.com/laptop/dell-vostro-3400-i7-v4i7015w?src=osp#top-tskt,v4i7015w,3.0,3,161,dell,vostro 3400 v4i7015w,25990000.0,intel,1165g7,8.0,yes,nvidia geforce mx330,42.0,512,ssd,yes,14.0,1920 x 1080,60,va,1.64,328.7,239.5,19.9,windows 10,plastic,2020.0,no,yes,yes,yes,yes,yes,yes
https://www.thegioididong.com/laptop/lenovo-ideapad-gaming-3-15imh05-i7-81y4013uvn?src=osp#top-tskt,81y4013uvn,4.0,12,271,lenovo,ideapad gaming 3 15imh05 81y4013uvn,26990000.0,intel,10750h,8.0,yes,nvidia geforce gtx 1650ti 4 gb,45.0,512,ssd,yes,15.6,1920 x 1080,120,ips,2.2,359.0,249.6,24.9,windows 10,plastic,2020.0,yes,yes,yes,yes,yes,yes,no
https://www.thegioididong.com/laptop/asus-zenbook-ux325ea-i5-kg538w?src=osp#top-tskt,kg538w,0.0,0,0,asus,zenbook ux325ea kg538w,24290000.0,intel,1135g7,8.0,no,intel iris xe graphics,67.0,512,ssd,no,13.3,1920 x 1080,60,oled,1.14,304.2,203.0,13.9,windows 11,metal,2021.0,yes,yes,no,no,yes,yes,yes
https://www.thegioididong.com/laptop/msi-gaming-bravo-15-b5dd-r7-083vn?src=osp#top-tskt,083vn,0.0,0,102,msi,gaming bravo 15 b5dd 083vn,24990000.0,amd,5800h,8.0,yes,amd radeon rx 5500m,52.0,512,ssd,no,15.6,1920 x 1080,144,ips,2.35,359.0,259.0,24.95,windows 10,plastic,2021.0,yes,yes,yes,yes,yes,yes,no
https://www.thegioididong.com/laptop/acer-nitro-5-gaming-an515-56-5256-i5-nhqbzsv005?src=osp#top-tskt,nh.qbzsv.005,3.9,16,410,acer,nitro 5 gaming an515 56 5256 nh.qbzsv.005,25990000.0,intel,11300h,16.0,yes,nvidia geforce gtx 1650 4 gb,57.5,512,ssd,yes,15.6,1920 x 1080,144,ips,2.2,363.4,255.0,23.9,windows 10,plastic,2021.0,yes,yes,yes,yes,yes,yes,no
https://www.thegioididong.com/laptop/dell-gaming-g15-5515-r5-p105f004agr?src=osp#top-tskt,p105f004agr,0.0,0,150,dell,gaming g15 5515 p105f004agr,24990000.0,amd,5600h,8.0,yes,nvidia geforce rtx3050,56.0,256,ssd,no,15.6,1920 x 1080,120,va,2.8,357.26,272.11,26.9,windows 10,plastic,2021.0,yes,yes,yes,yes,yes,yes,no
https://www.thegioididong.com/laptop/lenovo-thinkbook-14s-g2-itl-i7-20va000mvn?src=osp#top-tskt,20va000mvn,0.0,0,170,lenovo,thinkbook 14s g2 itl 20va000mvn,24990000.0,intel,1165g7,8.0,no,intel iris xe graphics,56.0,512,ssd,no,14.0,1920 x 1080,60,ips,1.27,322.0,207.0,14.9,windows 10,metal,2020.0,yes,yes,yes,no,yes,yes,no
https://www.thegioididong.com/laptop/lenovo-thinkbook-14s-yoga-itl-i5-20we004cvn?src=osp#top-tskt,20we004cvn,0.0,0,208,lenovo,thinkbook 14s yoga itl 20we004cvn,24790000.0,intel,1135g7,8.0,yes,intel iris xe graphics,60.0,512,ssd,yes,14.0,1920 x 1080,60,ips,1.5,320.0,216.0,16.9,windows 10,metal,2021.0,yes,yes,yes,no,yes,yes,yes
https://www.thegioididong.com/laptop/dell-latitude-3520-i5-70251593?src=osp#top-tskt,70251593,0.0,0,140,dell,latitude 3520 70251593,24690000.0,intel,1135g7,8.0,yes,intel iris xe graphics,41.0,256,ssd,yes,15.6,1920 x 1080,60,va,1.79,361.0,240.9,18.0,windows 10,plastic,2021.0,yes,yes,yes,yes,yes,yes,yes
https://www.thegioididong.com/laptop/dell-inspiron-3501-i7-70253898?src=osp#top-tskt,70253898,4.0,3,202,dell,inspiron 3501 70253898,24590000.0,intel,1165g7,8.0,yes,nvidia geforce mx330,42.0,512,ssd,yes,15.6,1920 x 1080,60,va,1.91,363.96,249.0,19.9,windows 10,plastic,2021.0,no,yes,yes,yes,no,yes,yes
https://www.thegioididong.com/laptop/dell-inspiron-14-5410-i5-p143g001asl?src=osp#top-tskt,p143g001asl,0.0,0,26,dell,inspiron 14 5410 p143g001asl,24490000.0,intel,11320h,8.0,yes,intel iris xe graphics,54.0,512,ssd,no,14.0,1920 x 1080,60,va,1.44,321.3,212.0,17.9,windows 10,"metal, plastic",2021.0,yes,yes,yes,no,yes,yes,yes
https://www.thegioididong.com/laptop/dell-inspiron-15-5515-r7-n5r75700u104w?src=osp#top-tskt,n5r75700u104w,0.0,0,37,dell,inspiron 15 5515 n5r75700u104w,24290000.0,amd,5700u,8.0,yes,amd radeon graphics,54.0,512,ssd,no,15.6,1920 x 1080,60,va,1.75,356.0,228.9,14.5,windows 10,plastic,2021.0,yes,yes,yes,no,yes,yes,yes
https://www.thegioididong.com/laptop/asus-zenbook-ux325ea-i5-kg363t?src=osp#top-tskt,kg363t,3.8,20,546,asus,zenbook ux325ea kg363t,24290000.0,intel,1135g7,8.0,no,intel iris xe graphics,67.0,512,ssd,no,13.3,1920 x 1080,60,oled,1.14,304.2,203.0,13.9,windows 10,metal,2021.0,yes,yes,no,no,yes,yes,yes
https://www.thegioididong.com/laptop/lenovo-thinkbook-14s-g2-itl-i5-20va000nvn?src=osp#top-tskt,20va000nvn,2.7,12,163,lenovo,thinkbook 14s g2 itl 20va000nvn,23690000.0,intel,1135g7,8.0,yes,intel iris xe graphics,56.0,512,ssd,no,14.0,1920 x 1080,60,ips,1.27,322.0,207.0,14.9,windows 10,metal,2020.0,yes,yes,yes,no,yes,yes,no
https://www.thegioididong.com/laptop/dell-vostro-5410-i5-v4i5214w?src=osp#top-tskt,v4i5214w,5.0,1,73,dell,vostro 5410 v4i5214w,23690000.0,intel,11320h,8.0,yes,intel iris xe graphics,54.0,512,ssd,no,14.0,1920 x 1080,60,va,1.44,321.2,212.8,17.9,windows 10,,2021.0,yes,yes,yes,yes,yes,yes,yes
https://www.thegioididong.com/laptop/lenovo-yoga-slim-7-14itl05-i5-82a300dpvn?src=osp#top-tskt,82a300dpvn,4.3,3,34,lenovo,yoga slim 7 14itl05 82a300dpvn,23990000.0,intel,1135g7,8.0,no,intel iris xe graphics,60.7,512,ssd,no,14.0,1920 x 1080,60,ips,1.36,320.6,208.18,14.9,windows 10,metal,2021.0,yes,yes,yes,no,yes,yes,yes
https://www.thegioididong.com/laptop/asus-zenbook-ux425ea-i5-ki429t?src=osp#top-tskt,ki429t,2.8,43,728,asus,zenbook ux425ea ki429t,23990000.0,intel,1135g7,8.0,no,intel iris xe graphics,67.0,512,ssd,no,14.0,1920 x 1080,60,ips,1.17,319.0,208.0,13.9,windows 10,metal,2020.0,yes,yes,no,no,yes,yes,yes
https://www.thegioididong.com/laptop/msi-gaming-modern-14-b11sbu-i5-669vn?src=osp#top-tskt,669vn,0.0,0,53,msi,gaming modern 14 b11sbu 669vn,22990000.0,intel,1155g7,8.0,yes,nvidia geforce mx450,39.0,512,ssd,no,14.0,1920 x 1080,60,ips,1.3,319.0,219.0,16.9,windows 10,metal,2021.0,yes,yes,yes,no,yes,yes,yes
https://www.thegioididong.com/laptop/msi-gaming-gf63-thin-10sc-i7-480vn?src=osp#top-tskt,480vn,3.3,35,612,msi,gaming gf63 thin 10sc 480vn,22990000.0,intel,10750h,8.0,yes,geforce gtx 1650 max-q design,51.0,512,ssd,yes,15.6,1920 x 1080,144,ips,1.86,359.0,254.0,21.7,windows 10,"metal, plastic",2021.0,yes,yes,yes,yes,yes,yes,no
https://www.thegioididong.com/laptop/lenovo-ideapad-5-pro-14itl6-i5-82l30094vn?src=osp#top-tskt,82l30094vn,0.0,0,112,lenovo,ideapad 5 pro 14itl6 82l30094vn,23490000.0,intel,1135g7,8.0,no,nvidia geforce mx450,56.5,512,ssd,no,14.0,2240 x 1400,60,ips,1.41,312.2,221.0,17.99,windows 10,metal,2021.0,yes,yes,no,no,yes,yes,yes
https://www.thegioididong.com/laptop/dell-vostro-5510-i5-70253901?src=osp#top-tskt,70253901,3.9,40,722,dell,vostro 5510 70253901,22990000.0,intel,11300h,8.0,yes,intel iris xe graphics,54.0,512,ssd,yes,15.6,1920 x 1080,60,va,1.75,356.0,228.0,17.9,windows 10,"metal, plastic",2021.0,yes,yes,yes,yes,yes,yes,yes
https://www.thegioididong.com/laptop/dell-inspiron-15-3511-i5-70267060?src=osp#top-tskt,70267060,0.0,0,9,dell,inspiron 15 3511 70267060,22990000.0,intel,1135g7,8.0,yes,nvidia geforce mx350,41.0,512,ssd,yes,15.6,1920 x 1080,60,va,1.73,359.0,235.5,19.0,windows 10,plastic,2021.0,no,yes,yes,no,no,yes,yes
https://www.thegioididong.com/laptop/dell-inspiron-15-5510-i5-0wt8r1?src=osp#top-tskt,0wt8r1,3.5,4,211,dell,inspiron 15 5510 0wt8r1,22990000.0,intel,11300h,8.0,yes,intel iris xe graphics,54.0,256,ssd,no,15.6,1920 x 1080,60,va,1.75,356.0,228.0,17.9,windows 10,"metal, plastic",2021.0,yes,yes,yes,no,yes,yes,yes
https://www.thegioididong.com/laptop/dell-inspiron-3501-i5-70253897?src=osp#top-tskt,70253897,3.0,2,129,dell,inspiron 3501 70253897,22490000.0,intel,1135g7,8.0,yes,nvidia geforce mx330,42.0,512,ssd,yes,15.6,1920 x 1080,60,va,1.91,363.96,249.0,19.9,windows 10,plastic,2021.0,no,yes,yes,yes,no,yes,yes
https://www.thegioididong.com/laptop/lenovo-ideapad-5-14itl05-i7-82fe00knvn?src=osp#top-tskt,82fe00knvn,5.0,6,122,lenovo,ideapad 5 14itl05 82fe00knvn,22990000.0,intel,1165g7,8.0,no,intel iris xe graphics,44.5,512,ssd,no,14.0,1920 x 1080,60,ips,1.39,321.57,211.59,19.9,windows 10,"metal, plastic",2021.0,yes,yes,yes,no,yes,yes,yes
https://www.thegioididong.com/laptop/asus-uf-gaming-fx506lh-i5-hn002t?src=osp#top-tskt,hn002t,3.9,94,1717,asus,tuf gaming fx506lh hn002t,21990000.0,intel,10300h,8.0,yes,nvidia geforce gtx 1650 4 gb,48.0,512,ssd,yes,15.6,1920 x 1080,144,ips,2.3,359.0,256.0,24.9,windows 10,"metal, plastic",2020.0,yes,yes,yes,yes,yes,yes,no
https://www.thegioididong.com/laptop/msi-modern-14-b11mou-i7-847vn?src=osp#top-tskt,847vn,0.0,0,93,msi,modern 14 b11mou 847vn,21990000.0,intel,1195g7,8.0,yes,intel iris xe graphics,39.0,512,ssd,no,14.0,1920 x 1080,60,ips,1.3,319.0,219.0,16.9,windows 10,metal,2021.0,yes,yes,yes,no,yes,yes,yes
https://www.thegioididong.com/laptop/dell-vostro-3400-i5-yx51w3?src=osp#top-tskt,yx51w3,5.0,2,18,dell,vostro 3400 yx51w3,21990000.0,intel,1135g7,8.0,yes,nvidia geforce mx330,42.0,512,ssd,yes,14.0,1920 x 1080,60,va,1.64,328.7,239.5,19.9,windows 10,plastic,2021.0,no,yes,yes,yes,yes,yes,yes
https://www.thegioididong.com/laptop/lenovo-ideapad-gaming-3-15imh05-i5-81y4013vvn?src=osp#top-tskt,81y4013vvn,3.5,36,595,lenovo,ideapad gaming 3 15imh05 81y4013vvn,22990000.0,intel,10300h,8.0,yes,nvidia geforce gtx 1650ti 4 gb,45.0,512,ssd,yes,15.6,1920 x 1080,120,ips,2.2,351.0,240.0,24.9,windows 10,plastic,2020.0,yes,yes,yes,yes,yes,yes,no
https://www.thegioididong.com/laptop/dell-vostro-5415-r5-v4r55500u015w?src=osp#top-tskt,v4r55500u015w,0.0,0,40,dell,vostro 5415 v4r55500u015w,21190000.0,amd,5500u,8.0,yes,amd radeon graphics,54.0,512,ssd,no,14.0,1920 x 1080,60,va,1.44,321.2,212.8,17.9,windows 10,plastic,2021.0,yes,yes,yes,yes,yes,yes,yes
https://www.thegioididong.com/laptop/hp-15s-fq2556tu-i7-1165g7-46m24pa?src=osp#top-tskt,46m24pa,0.0,0,25,hp,15s fq2556tu 46m24pa,20290000.0,intel,1165g7,8.0,yes,intel iris xe graphics,41.0,512,ssd,no,15.6,1920 x 1080,60,ips,1.592,358.5,242.0,18.0,windows 11,plastic,2021.0,no,yes,yes,no,yes,yes,yes
https://www.thegioididong.com/laptop/dell-vostro-3500-i5-7g3983?src=osp#top-tskt,7g3983,3.7,38,248,dell,vostro 3500 7g3983,20990000.0,intel,1135g7,8.0,yes,intel iris xe graphics,42.0,512,ssd,yes,15.6,1920 x 1080,60,va,1.98,364.0,249.0,19.9,windows 10,plastic,2021.0,no,yes,yes,yes,no,yes,yes
https://www.thegioididong.com/laptop/dell-vostro-3510-i5-7t2yc1?src=osp#top-tskt,7t2yc1,0.0,0,4,dell,vostro 3510 7t2yc1,20990000.0,intel,1135g7,8.0,yes,intel iris xe graphics,42.0,512,ssd,no,15.6,1920 x 1080,60,va,1.69,358.5,235.5,18.9,windows 10,plastic,2021.0,no,yes,yes,yes,no,yes,yes
https://www.thegioididong.com/laptop/dell-vostro-5402-i5-v4i5003w?src=osp#top-tskt,v4i5003w,4.0,22,523,dell,vostro 5402 v4i5003w,20990000.0,intel,1135g7,8.0,yes,intel iris xe graphics,40.0,256,ssd,no,14.0,1920 x 1080,60,va,1.41,321.3,216.2,17.9,windows 10,metal,2020.0,yes,yes,yes,yes,yes,yes,yes
https://www.thegioididong.com/laptop/asus-vivobook-a515ep-i5-bn334?src=osp#top-tskt,bn334t,2.9,23,724,asus,vivobook a515ep bn334t,20790000.0,intel,1135g7,8.0,yes,nvidia geforce mx330,42.0,512,ssd,yes,15.6,1920 x 1080,60,ips,1.8,359.0,235.0,17.9,windows 10,"metal, plastic",2020.0,no,yes,yes,no,yes,yes,yes
https://www.thegioididong.com/laptop/asus-vivobook-a515ep-i5-bn544t?src=osp#top-tskt,bn544t,5.0,1,219,asus,vivobook  a515ep bn544t,20790000.0,intel,1135g7,8.0,yes,nvidia geforce mx330,42.0,512,ssd,yes,15.6,1920 x 1080,60,ips,1.8,359.0,235.0,17.9,windows 10,"metal, plastic",2021.0,no,yes,yes,no,yes,yes,yes
https://www.thegioididong.com/laptop/lenovo-thinkbook-14-g2-itl-i5-20vd003kvn?src=osp#top-tskt,20vd003kvn,3.6,13,187,lenovo,thinkbook 14 g2 itl 20vd003kvn,20390000.0,intel,1135g7,8.0,yes,intel iris xe graphics,45.0,512,ssd,yes,14.0,1920 x 1080,60,ips,1.4,323.0,218.0,17.9,windows 10,metal,2020.0,no,yes,no,yes,yes,yes,yes
https://www.thegioididong.com/laptop/hp-15s-fq2558tu-i7-46m26pa-win11?src=osp#top-tskt,46m26pa,0.0,0,2,hp,15s fq2558tu 46m26pa,19290000.0,intel,1165g7,8.0,yes,intel iris xe graphics,41.0,512,ssd,yes,15.6,1366 x 768,60,,1.7,358.5,242.0,18.0,windows 11,plastic,2021.0,no,yes,yes,no,yes,yes,yes
https://www.thegioididong.com/laptop/dell-inspiron-15-3511-i5-p112f001bbl?src=osp#top-tskt,p112f001bbl,2.6,10,90,dell,inspiron 15 3511 p112f001bbl,19990000.0,intel,1135g7,4.0,yes,intel iris xe graphics,41.0,512,ssd,yes,15.6,1920 x 1080,60,va,1.7,358.5,235.5,18.9,windows 10,plastic,2021.0,no,yes,yes,no,no,yes,yes
https://www.thegioididong.com/laptop/acer-aspire-7-a715-42g-r4st-r5-nhqaysv004?src=osp#top-tskt,nh.qaysv.004,4.1,131,2206,acer,aspire 7 gaming a715 42g r4st nh.qaysv.004,19990000.0,amd,5500u,8.0,yes,nvidia geforce gtx 1650 4 gb,48.0,256,ssd,no,15.6,1920 x 1080,60,ips,2.1,363.4,254.5,22.9,windows 10,plastic,2021.0,yes,yes,yes,yes,yes,yes,no
https://www.thegioididong.com/laptop/acer-aspire-a514-54-53t8-i5-nxa2asv006?src=osp#top-tskt,nx.a2asv.006,3.0,40,357,acer,aspire a514 54 53t8 nx.a2asv.006,19990000.0,intel,1135g7,8.0,yes,intel iris xe graphics,48.0,1,ssd,yes,14.0,1920 x 1080,60,ips,1.46,328.0,223.0,17.95,windows 10,"metal, plastic",2021.0,yes,yes,yes,yes,yes,yes,no
https://www.thegioididong.com/laptop/asus-vivobook-a515ea-i5-l12032t?src=osp#top-tskt,l12032t,3.5,5,176,asus,vivobook a515ea oled l12032t,19990000.0,intel,1135g7,8.0,yes,intel iris xe graphics,42.0,512,ssd,yes,15.6,1920 x 1080,60,oled,1.8,359.0,235.0,17.9,windows 10,"metal, plastic",2021.0,no,yes,yes,no,yes,yes,yes
https://www.thegioididong.com/laptop/asus-vivobook-a515ea-i5-l11169t?src=osp#top-tskt,l11169t,2.7,27,482,asus,vivobook a515ea l11169t,19990000.0,intel,1135g7,8.0,no,intel iris xe graphics,42.0,512,ssd,yes,15.6,1920 x 1080,60,oled,1.8,359.0,235.0,17.9,windows 10,"metal, plastic",2021.0,no,yes,yes,no,yes,yes,yes
https://www.thegioididong.com/laptop/asus-vivobook-a515ea-oled-i5-l12032w?src=osp#top-tskt,l12032w,0.0,0,24,asus,vivobook a515ea oled l12032w,19990000.0,intel,1135g7,8.0,yes,intel iris xe graphics,42.0,512,ssd,yes,15.6,1920 x 1080,60,oled,1.8,359.0,235.0,17.9,windows 11,"metal, plastic",2021.0,no,yes,yes,no,yes,yes,yes
https://www.thegioididong.com/laptop/hp-340s-g7-i5-36a35pa?src=osp#top-tskt,36a35pa,3.8,30,397,hp,340s g7 36a35pa,18090000.0,intel,1035g1,8.0,yes,intel uhd graphics,41.0,512,ssd,no,14.0,1920 x 1080,60,ips,1.38,324.0,225.0,17.9,windows 10,plastic,2020.0,no,yes,yes,no,yes,yes,yes
https://www.thegioididong.com/laptop/hp-240-g8-i5-518v7pa?src=osp#top-tskt,518v7pa,3.0,5,140,hp,240 g8 518v7pa,18090000.0,intel,1135g7,8.0,yes,intel iris xe graphics,41.0,512,ssd,yes,14.0,1920 x 1080,60,ips,1.426,324.0,225.9,19.9,windows 10,plastic,2021.0,no,yes,yes,yes,yes,yes,no
https://www.thegioididong.com/laptop/msi-modern-15-a11mu-i5-680vn?src=osp#top-tskt,680vn,4.2,67,1150,msi,modern 15 a11mu 680vn,18990000.0,intel,1155g7,8.0,yes,intel iris xe graphics,52.0,512,ssd,yes,15.6,1920 x 1080,60,ips,1.6,356.8,233.75,16.9,windows 10,metal,2021.0,yes,yes,yes,no,yes,yes,yes
https://www.thegioididong.com/laptop/dell-inspiron-3501-i5-n3501b?src=osp#top-tskt,p90f005n3501b,2.7,24,479,dell,inspiron 3501 p90f005n3501b,18990000.0,intel,1135g7,4.0,yes,intel iris xe graphics,42.0,512,ssd,no,15.6,1920 x 1080,60,va,1.96,363.96,249.0,19.9,windows 10,plastic,2020.0,no,yes,yes,yes,no,yes,yes
https://www.thegioididong.com/laptop/hp-15s-fq2559tu-i5-46m27pa?src=osp#top-tskt,46m27pa,3.6,72,974,hp,15s fq2559tu 46m27pa,17990000.0,intel,1135g7,8.0,yes,intel iris xe graphics,41.0,512,ssd,no,15.6,1920 x 1080,60,ips,1.592,358.5,242.0,18.0,windows 10,plastic,2020.0,no,yes,yes,no,yes,yes,yes
https://www.thegioididong.com/laptop/hp-15s-fq2559tu-i5-1135g7-46m27pa?src=osp#top-tskt,46m27pa,0.0,0,12,hp,15s fq2559tu 46m27pa,18190000.0,intel,1135g7,8.0,yes,intel iris xe graphics,41.0,512,ssd,no,15.6,1920 x 1080,60,ips,1.592,358.5,242.0,18.0,windows 11,plastic,2021.0,no,yes,yes,no,yes,yes,yes
https://www.thegioididong.com/laptop/dell-vostro-3400-i5-70253900?src=osp#top-tskt,70253900,3.6,21,536,dell,vostro 3400 70253900,18890000.0,intel,1135g7,8.0,yes,intel iris xe graphics,42.0,256,ssd,yes,14.0,1920 x 1080,60,va,1.64,328.7,239.5,19.9,windows 10,plastic,2021.0,no,yes,yes,yes,no,yes,yes
https://www.thegioididong.com/laptop/hp-pavilion-15-eg0507tu-i5-46m06pa?src=osp#top-tskt,46m06pa,4.2,165,1791,hp,pavilion 15 eg0507tu 46m06pa,17790000.0,intel,1135g7,8.0,yes,intel iris xe graphics,41.0,256,ssd,no,15.6,1920 x 1080,60,ips,1.682,360.2,234.0,17.9,windows 10,metal,2021.0,no,yes,yes,no,yes,yes,yes
https://www.thegioididong.com/laptop/asus-vivobook-x515ep-i5-1135g7-8gb-512gb?src=osp#top-tskt,bq186t,3.3,6,423,asus,vivobook x515ep bq186t,18990000.0,intel,1135g7,8.0,yes,nvidia geforce mx330,37.0,512,ssd,yes,15.6,1920 x 1080,60,ips,1.8,360.2,234.9,19.9,windows 10,plastic,2021.0,no,yes,yes,no,yes,yes,no
https://www.thegioididong.com/laptop/dell-vostro-3405-r5-v4r53500u003w?src=osp#top-tskt,v4r53500u003w,3.3,13,363,dell,vostro 3405 v4r53500u003w,18490000.0,amd,3500u,8.0,yes,amd radeon vega 8 graphics,42.0,512,ssd,yes,14.0,1920 x 1080,60,va,1.7,328.7,239.5,19.9,windows 10,plastic,2020.0,no,yes,yes,yes,no,yes,yes
https://www.thegioididong.com/laptop/hp-240-g8-i5-518v6pa?src=osp#top-tskt,518v6pa,4.0,8,241,hp,240 g8 518v6pa,17090000.0,intel,1135g7,8.0,yes,intel iris xe graphics,41.0,256,ssd,yes,14.0,1920 x 1080,60,ips,1.426,324.0,225.9,19.9,windows 10,plastic,2021.0,no,yes,yes,yes,yes,yes,no
https://www.thegioididong.com/laptop/hp-15s-fq2561tu-i5-1135g7-46m29pa?src=osp#top-tskt,46m29pa,0.0,0,40,hp,15s fq2561tu 46m29pa,16990000.0,intel,1135g7,8.0,yes,intel iris xe graphics,41.0,512,ssd,yes,15.6,1366 x 768,60,,1.7,358.5,242.0,18.0,windows 11,plastic,2021.0,no,yes,yes,no,yes,yes,yes
https://www.thegioididong.com/laptop/asus-vivobook-x415ea-i5-eb637w?src=osp#top-tskt,eb637w,0.0,0,19,asus,vivobook x415ea eb637w,17790000.0,intel,1135g7,8.0,yes,intel iris xe graphics,37.0,512,ssd,yes,14.0,1920 x 1080,60,ips,1.55,325.4,216.0,19.9,windows 11,plastic,2021.0,no,yes,yes,no,yes,yes,no
https://www.thegioididong.com/laptop/asus-vivobook-x415ea-i5-eb637t?src=osp#top-tskt,eb637t,4.2,109,1197,asus,vivobook x415ea eb637t,17590000.0,intel,1135g7,8.0,yes,intel iris xe graphics,37.0,512,ssd,yes,14.0,1920 x 1080,60,ips,1.55,325.4,216.0,19.9,windows 10,plastic,2020.0,no,yes,yes,no,yes,yes,no
https://www.thegioididong.com/laptop/hp-15s-fq2602tu-i5-4b6d3pa?src=osp#top-tskt,4b6d3pa,0.0,0,107,hp,15s fq2602tu 4b6d3pa,15790000.0,intel,1135g7,8.0,yes,intel iris xe graphics,41.0,256,ssd,yes,15.6,1366 x 768,60,,1.7,358.5,242.0,18.0,windows 11,plastic,2021.0,no,yes,yes,no,yes,yes,yes
https://www.thegioididong.com/laptop/dell-vostro-3405-r5-v4r53500u001w?src=osp#top-tskt,v4r53500u001w,4.7,4,393,dell,vostro 3405 v4r53500u001w,16490000.0,amd,3500u,4.0,yes,amd radeon vega 8 graphics,42.0,256,ssd,yes,14.0,1920 x 1080,60,va,1.7,328.7,239.5,19.9,windows 10,plastic,2020.0,no,yes,yes,yes,no,yes,yes
https://www.thegioididong.com/laptop/asus-vivobook-a515ea-i3-bn1624t?src=osp#top-tskt,bn1624t,4.0,9,124,asus,vivobook a515ea bn1624t,16490000.0,intel,1115g4,8.0,yes,intel uhd graphics,42.0,512,ssd,yes,15.6,1920 x 1080,60,ips,1.8,359.0,235.0,17.9,windows 10,"metal, plastic",2021.0,no,yes,yes,no,yes,yes,yes
https://www.thegioididong.com/laptop/hp-probook-440-g8-i3-51x01pa?src=osp#top-tskt,51x01pa,0.0,0,3,hp,probook 440 g8 51x01pa,15390000.0,intel,1115g4,4.0,yes,intel uhd graphics,45.0,512,ssd,no,14.0,1366 x 768,60,,1.38,321.9,213.9,19.9,windows 10,plastic,2021.0,yes,yes,yes,yes,yes,yes,yes
https://www.thegioididong.com/laptop/dell-vostro-3400-i3-70270644?src=osp#top-tskt,70270644,0.0,0,11,dell,vostro 3400 70270644,15890000.0,intel,1115g4,8.0,yes,intel uhd graphics,42.0,256,ssd,yes,14.0,1920 x 1080,60,va,1.64,328.7,239.5,19.9,windows 11,plastic,2021.0,no,yes,yes,yes,no,yes,yes
https://www.thegioididong.com/laptop/dell-vostro-3400-i3-70253899?src=osp#top-tskt,70253899,1.5,5,171,dell,vostro 3400 70253899,15690000.0,intel,1115g4,8.0,yes,intel uhd graphics,42.0,256,ssd,yes,14.0,1920 x 1080,60,va,1.64,328.7,239.5,19.9,windows 10,plastic,2021.0,no,yes,yes,yes,no,yes,yes
https://www.thegioididong.com/laptop/hp-pavilion-15-eg0542tu-i3-4p5g9pa?src=osp#top-tskt,4p5g9pa,4.1,24,296,hp,pavilion 15 eg0542tu 4p5g9pa,14890000.0,intel,1125g4,4.0,yes,intel uhd graphics,41.0,256,ssd,no,15.6,1920 x 1080,60,ips,1.682,360.2,234.0,17.9,windows 11,metal,2021.0,no,yes,yes,no,yes,yes,yes
https://www.thegioididong.com/laptop/hp-245-g8-r5-53y22pa?src=osp#top-tskt,53y22pa,0.0,0,9,hp,245 g8 53y22pa,14990000.0,amd,5500u,4.0,yes,amd radeon graphics,41.0,256,ssd,no,14.0,1920 x 1080,60,ips,1.47,324.0,225.9,19.9,windows 10,plastic,2021.0,no,yes,yes,yes,yes,yes,yes
https://www.thegioididong.com/laptop/hp-probook-430-g8-i3-2h0n5pa?src=osp#top-tskt,2h0n5pa,0.0,0,131,hp,probook 430 g8 2h0n5pa,14590000.0,intel,1115g4,4.0,yes,intel uhd graphics,45.0,256,ssd,no,13.3,1366 x 768,60,led,1.28,306.9,208.4,15.9,windows 10,metal,2020.0,yes,yes,no,no,yes,yes,yes
https://www.thegioididong.com/laptop/dell-inspiron-15-3511-i3-p112f001abl?src=osp#top-tskt,p112f001abl,3.7,18,206,dell,inspiron 15 3511 p112f001abl,15290000.0,intel,1115g4,4.0,yes,intel uhd graphics,41.0,256,ssd,yes,15.6,1920 x 1080,60,va,1.7,358.5,235.5,18.9,windows 10,plastic,2021.0,no,yes,yes,no,no,yes,yes
https://www.thegioididong.com/laptop/dell-inspiron-3501-i3-n3501c?src=osp#top-tskt,p90f005n3501c,3.3,10,730,dell,inspiron 3501 p90f005n3501c,14990000.0,intel,1115g4,4.0,yes,intel uhd graphics,42.0,256,ssd,no,15.6,1920 x 1080,60,va,1.96,363.96,249.0,19.9,windows 10,plastic,2020.0,no,yes,yes,yes,no,yes,yes
https://www.thegioididong.com/laptop/msi-modern-14-b11mol-i3-813vn?src=osp#top-tskt,813vn,3.9,149,3424,msi,modern 14 b11mol 813vn,14690000.0,intel,1115g4,8.0,yes,intel uhd graphics,39.0,256,ssd,no,14.0,1920 x 1080,60,ips,1.3,319.0,219.0,18.1,windows 10,metal,2021.0,yes,yes,yes,no,no,yes,yes
https://www.thegioididong.com/laptop/hp-340s-g7-i3-224l1pa?src=osp#top-tskt,224l1pa,2.6,36,443,hp,340s g7 224l1pa,13890000.0,intel,1005g1,4.0,yes,intel uhd graphics,41.0,512,ssd,no,14.0,1920 x 1080,60,ips,1.346,324.0,225.0,17.9,windows 10,plastic,2020.0,no,yes,yes,no,yes,yes,yes
https://www.thegioididong.com/laptop/asus-vivobook-x415ea-i3-eb638t?src=osp#top-tskt,eb638t,4.0,78,765,asus,vivobook x415ea eb638t,14690000.0,intel,1115g4,4.0,yes,intel uhd graphics,37.0,512,ssd,yes,14.0,1920 x 1080,60,led,1.55,325.4,216.0,19.9,windows 10,plastic,2020.0,no,yes,yes,no,yes,yes,no
https://www.thegioididong.com/laptop/asus-vivobook-x515ea-i3-bq1415w?src=osp#top-tskt,bq1415w,0.0,0,39,asus,vivobook x515ea bq1415w,14690000.0,intel,1115g4,8.0,yes,intel uhd graphics,37.0,256,ssd,yes,15.6,1920 x 1080,60,ips,1.8,360.0,235.0,19.9,windows 11,plastic,2021.0,no,yes,yes,no,yes,yes,no
https://www.thegioididong.com/laptop/asus-vivobook-x415ea-i3-eb638w?src=osp#top-tskt,eb638w,0.0,0,9,asus,vivobook x415ea eb638w,14690000.0,intel,1115g4,4.0,yes,intel uhd graphics,37.0,512,ssd,yes,14.0,1920 x 1080,60,ips,1.55,325.4,216.0,19.9,windows 11,plastic,2021.0,no,yes,yes,no,yes,yes,no
https://www.thegioididong.com/laptop/hp-240-g8-i3-519a8pa?src=osp#top-tskt,519a8pa,0.0,0,59,hp,240 g8 519a8pa,13590000.0,intel,1005g1,4.0,yes,intel uhd graphics,41.0,512,ssd,no,14.0,1920 x 1080,60,ips,1.47,324.0,225.9,19.9,windows 10,plastic,2021.0,no,yes,yes,yes,yes,yes,no
https://www.thegioididong.com/laptop/msi-modern-14-b11mou-i3-849vn?src=osp#top-tskt,849vn,4.0,20,393,msi,modern 14 b11mou 849vn,14190000.0,intel,1115g4,8.0,yes,intel uhd graphics,39.0,256,ssd,no,14.0,1920 x 1080,60,ips,1.3,319.0,219.0,18.1,windows 10,metal,2021.0,yes,yes,yes,no,yes,yes,yes
https://www.thegioididong.com/laptop/asus-vivobook-x515ea-i3-bq994t?src=osp#top-tskt,bq994t,3.8,126,1476,asus,vivobook x515ea bq994t,13890000.0,intel,1115g4,4.0,yes,intel uhd graphics,37.0,256,ssd,yes,15.6,1920 x 1080,60,ips,1.8,360.2,234.9,19.9,windows 10,plastic,2021.0,no,yes,yes,no,yes,yes,no
https://www.thegioididong.com/laptop/hp-340s-g7-i3-240q4pa?src=osp#top-tskt,240q4pa,3.4,17,530,hp,340s g7 240q4pa,12990000.0,intel,1005g1,4.0,yes,intel uhd graphics,41.0,256,ssd,no,14.0,1920 x 1080,60,ips,1.38,324.0,225.0,17.9,windows 10,plastic,2020.0,no,yes,yes,no,yes,yes,yes
https://www.thegioididong.com/laptop/lenovo-ideapad-3-14iml05-i3-81wa00hpvn?src=osp#top-tskt,81wa00hpvn,3.4,40,561,lenovo,ideapad 3 14iml05 81wa00hpvn,13790000.0,intel,10110u,8.0,yes,intel uhd graphics,35.0,256,ssd,yes,14.0,1920 x 1080,60,ips,1.5,327.1,241.0,19.9,windows 10,plastic,2020.0,no,yes,yes,no,no,yes,yes
https://www.thegioididong.com/laptop/hp-240-g8-i3-519a7pa?src=osp#top-tskt,519a7pa,3.7,7,160,hp,240 g8 519a7pa,12690000.0,intel,1005g1,4.0,yes,intel uhd graphics,41.0,256,ssd,no,14.0,1920 x 1080,60,ips,1.47,324.0,225.9,19.9,windows 10,plastic,2021.0,no,yes,yes,yes,yes,yes,no
https://www.thegioididong.com/laptop/acer-aspire-a315-56-308n-i3-nxhs5sv00c?src=osp#top-tskt,nx.hs5sv.00c,3.8,59,947,acer,aspire a315 56 308n nx.hs5sv.00c,11990000.0,intel,1005g1,4.0,yes,intel uhd graphics,36.7,256,ssd,yes,15.6,1920 x 1080,60,led,1.7,363.4,247.5,19.9,windows 10,plastic,2020.0,no,yes,yes,yes,no,yes,no
